entrydate|language|author|firstname|lastname|birthdate|title|comment|id|data2|guns|event_date_start|event_date_end|anonymous
20000204|en|Mr Jones|John| Doe|15042001|Bulletin #001|Message 1|212|C.C.|No|10052002|12312004|1
20000205|fr|Mrs Jones|Jane| Doe|16042001|Bulletin #002|Message 2|234|T.I.|Yes|12032001|10222005|0
20000206|es|Mr Jones|John| Doe|15042001|Bulletin #003|Message 3|2|C.CA|No|10052002|12312004|1
20000207|ar|Mrs Jones|Jane| Doe|16052001|Bulletin #004|Message 4|34|T.IDD.|Yes|12032001|10222005|0
20000208|en|Mr Jones|John| Doe|15062001|Bulletin #005|Message 5|22|C.CDE|No|10052002|12312004|1
20000209|fr|Mrs Jones|Jane| Doe|16072001|Bulletin #006|Message 6|4|T.IFFSD..|Yes|12032001|10222005|0
20000210|en|Mr Jones|John| Doe|15082001|Bulletin #007|Message 7|2|C.CCC.|No|10052002|12312004|1
20000211|fr|Mrs Jones|Jane| Doe|16092001|Bulletin #008|Message 8|334|T.X.|Yes|12032001|10222005|0
20000212|en|Mr Jones|John| Doe|15102001|Bulletin #009|Message 9|2132|C.Cxx.|No|10052002|12312004|1
20000204|en|Mr Jones|John| Doe|15042001|Bulletin #010|Message 10|212|C.C.|No|10052002|12312004|1
20000204|en|Mr Jones|John| Doe|15042001|Bulletin #011|Message 11|212|C.C.|No|10052002|12312004|1
20000205|fr|Mrs Jones|Jane| Doe|16042001|Bulletin #012|Message 12|234|T.I.|Yes|12032001|10222005|0
20000206|es|Mr Jones|John| Doe|15042001|Bulletin #013|Message 13|2|C.CA|No|10052002|12312004|1
20000207|ar|Mrs Jones|Jane| Doe|16052001|Bulletin #014|Message 14|34|T.IDD.|Yes|12032001|10222005|0
20000208|en|Mr Jones|John| Doe|15062001|Bulletin #015|Message 15|22|C.CDE|No|10052002|12312004|1
20000209|fr|Mrs Jones|Jane| Doe|16072001|Bulletin #016|Message 16|4|T.IFFSD..|Yes|12032001|10222005|0
20000210|en|Mr Jones|John| Doe|15082001|Bulletin #017|Message 17|2|C.CCC.|No|10052002|12312004|1
20000211|fr|Mrs Jones|Jane| Doe|16092001|Bulletin #018|Message 18|334|T.X.|Yes|12032001|10222005|0
20000212|en|Mr Jones|John| Doe|15102001|Bulletin #019|Message 19|2132|C.Cxx.|No|10052002|12312004|1
20000204|en|Mr Jones|John| Doe|15042001|Bulletin #020|Message 20|212|C.C.|No|10052002|12312004|1
20000204|en|Mr Jones|John| Doe|15042001|Bulletin #021|Message 21|212|C.C.|No|10052002|12312004|1
20000205|fr|Mrs Jones|Jane| Doe|16042001|Bulletin #022|Message 22|234|T.I.|Yes|12032001|10222005|0
20000206|es|Mr Jones|John| Doe|15042001|Bulletin #023|Message 23|2|C.CA|No|10052002|12312004|1
20000207|ar|Mrs Jones|Jane| Doe|16052001|Bulletin #024|Message 24|34|T.IDD.|Yes|12032001|10222005|0
20000208|en|Mr Jones|John| Doe|15062001|Bulletin #025|Message 25|22|C.CDE|No|10052002|12312004|1
20000209|fr|Mrs Jones|Jane| Doe|16072001|Bulletin #026|Message 26|4|T.IFFSD..|Yes|12032001|10222005|0
20000210|en|Mr Jones|John| Doe|15082001|Bulletin #027|Message 27|2|C.CCC.|No|10052002|12312004|1
20000211|fr|Mrs Jones|Jane| Doe|16092001|Bulletin #028|Message 28|334|T.X.|Yes|12032001|10222005|0
20000212|en|Mr Jones|John| Doe|15102001|Bulletin #029|Message 29|2132|C.Cxx.|No|10052002|12312004|1
20000204|en|Mr Jones|John| Doe|15042001|Bulletin #030|Message 30|212|C.C.|No|10052002|12312004|1
20000204|en|Mr Jones|John| Doe|15042001|Bulletin #031|Message 31|212|C.C.|No|10052002|12312004|1
20000205|fr|Mrs Jones|Jane| Doe|16042001|Bulletin #032|Message 32|234|T.I.|Yes|12032001|10222005|0
20000206|es|Mr Jones|John| Doe|15042001|Bulletin #033|Message 33|2|C.CA|No|10052002|12312004|1
20000207|ar|Mrs Jones|Jane| Doe|16052001|Bulletin #034|Message 34|34|T.IDD.|Yes|12032001|10222005|0
20000208|en|Mr Jones|John| Doe|15062001|Bulletin #035|Message 35|22|C.CDE|No|10052002|12312004|1
20000209|fr|Mrs Jones|Jane| Doe|16072001|Bulletin #036|Message 36|4|T.IFFSD..|Yes|12032001|10222005|0
20000210|en|Mr Jones|John| Doe|15082001|Bulletin #037|Message 37|2|C.CCC.|No|10052002|12312004|1
20000211|fr|Mrs Jones|Jane| Doe|16092001|Bulletin #038|Message 38|334|T.X.|Yes|12032001|10222005|0
20000212|en|Mr Jones|John| Doe|15102001|Bulletin #039|Message 39|2132|C.Cxx.|No|10052002|12312004|1
20000204|en|Mr Jones|John| Doe|15042001|Bulletin #040|Message 40|212|C.C.|No|10052002|12312004|1
20000204|en|Mr Jones|John| Doe|15042001|Bulletin #041|Message 41|212|C.C.|No|10052002|12312004|1
20000205|fr|Mrs Jones|Jane| Doe|16042001|Bulletin #042|Message 42|234|T.I.|Yes|12032001|10222005|0
20000206|es|Mr Jones|John| Doe|15042001|Bulletin #043|Message 43|2|C.CA|No|10052002|12312004|1
20000207|ar|Mrs Jones|Jane| Doe|16052001|Bulletin #044|Message 44|34|T.IDD.|Yes|12032001|10222005|0
20000208|en|Mr Jones|John| Doe|15062001|Bulletin #045|Message 45|22|C.CDE|No|10052002|12312004|1
20000209|fr|Mrs Jones|Jane| Doe|16072001|Bulletin #046|Message 46|4|T.IFFSD..|Yes|12032001|10222005|0
20000210|en|Mr Jones|John| Doe|15082001|Bulletin #047|Message 47|2|C.CCC.|No|10052002|12312004|1
20000211|fr|Mrs Jones|Jane| Doe|16092001|Bulletin #048|Message 48|334|T.X.|Yes|12032001|10222005|0
20000212|en|Mr Jones|John| Doe|15102001|Bulletin #049|Message 49|2132|C.Cxx.|No|10052002|12312004|1
20000204|en|Mr Jones|John| Doe|15042001|Bulletin #050|Message 50|212|C.C.|No|10052002|12312004|1
20000204|en|Mr Jones|John| Doe|15042001|Bulletin #051|Message 51|212|C.C.|No|10052002|12312004|1
20000205|fr|Mrs Jones|Jane| Doe|16042001|Bulletin #052|Message 52|234|T.I.|Yes|12032001|10222005|0
20000206|es|Mr Jones|John| Doe|15042001|Bulletin #053|Message 53|2|C.CA|No|10052002|12312004|1
20000207|ar|Mrs Jones|Jane| Doe|16052001|Bulletin #054|Message 54|34|T.IDD.|Yes|12032001|10222005|0
20000208|en|Mr Jones|John| Doe|15062001|Bulletin #055|Message 55|22|C.CDE|No|10052002|12312004|1
20000209|fr|Mrs Jones|Jane| Doe|16072001|Bulletin #056|Message 56|4|T.IFFSD..|Yes|12032001|10222005|0
20000210|en|Mr Jones|John| Doe|15082001|Bulletin #057|Message 57|2|C.CCC.|No|10052002|12312004|1
20000211|fr|Mrs Jones|Jane| Doe|16092001|Bulletin #058|Message 58|334|T.X.|Yes|12032001|10222005|0
20000212|en|Mr Jones|John| Doe|15102001|Bulletin #059|Message 59|2132|C.Cxx.|No|10052002|12312004|1
20000204|en|Mr Jones|John| Doe|15042001|Bulletin #060|Message 60|212|C.C.|No|10052002|12312004|1
20000204|en|Mr Jones|John| Doe|15042001|Bulletin #061|Message 61|212|C.C.|No|10052002|12312004|1
20000205|fr|Mrs Jones|Jane| Doe|16042001|Bulletin #062|Message 62|234|T.I.|Yes|12032001|10222005|0
20000206|es|Mr Jones|John| Doe|15042001|Bulletin #063|Message 63|2|C.CA|No|10052002|12312004|1
20000207|ar|Mrs Jones|Jane| Doe|16052001|Bulletin #064|Message 64|34|T.IDD.|Yes|12032001|10222005|0
20000208|en|Mr Jones|John| Doe|15062001|Bulletin #065|Message 65|22|C.CDE|No|10052002|12312004|1
20000209|fr|Mrs Jones|Jane| Doe|16072001|Bulletin #066|Message 66|4|T.IFFSD..|Yes|12032001|10222005|0
20000210|en|Mr Jones|John| Doe|15082001|Bulletin #067|Message 67|2|C.CCC.|No|10052002|12312004|1
20000211|fr|Mrs Jones|Jane| Doe|16092001|Bulletin #068|Message 68|334|T.X.|Yes|12032001|10222005|0
20000212|en|Mr Jones|John| Doe|15102001|Bulletin #069|Message 69|2132|C.Cxx.|No|10052002|12312004|1
20000204|en|Mr Jones|John| Doe|15042001|Bulletin #070|Message 70|212|C.C.|No|10052002|12312004|1
20000204|en|Mr Jones|John| Doe|15042001|Bulletin #071|Message 71|212|C.C.|No|10052002|12312004|1
20000205|fr|Mrs Jones|Jane| Doe|16042001|Bulletin #072|Message 72|234|T.I.|Yes|12032001|10222005|0
20000206|es|Mr Jones|John| Doe|15042001|Bulletin #073|Message 73|2|C.CA|No|10052002|12312004|1
20000207|ar|Mrs Jones|Jane| Doe|16052001|Bulletin #074|Message 74|34|T.IDD.|Yes|12032001|10222005|0
20000208|en|Mr Jones|John| Doe|15062001|Bulletin #075|Message 75|22|C.CDE|No|10052002|12312004|1
20000209|fr|Mrs Jones|Jane| Doe|16072001|Bulletin #076|Message 76|4|T.IFFSD..|Yes|12032001|10222005|0
20000210|en|Mr Jones|John| Doe|15082001|Bulletin #077|Message 77|2|C.CCC.|No|10052002|12312004|1
20000211|fr|Mrs Jones|Jane| Doe|16092001|Bulletin #078|Message 78|334|T.X.|Yes|12032001|10222005|0
20000212|en|Mr Jones|John| Doe|15102001|Bulletin #079|Message 79|2132|C.Cxx.|No|10052002|12312004|1
20000204|en|Mr Jones|John| Doe|15042001|Bulletin #080|Message 80|212|C.C.|No|10052002|12312004|1
20000204|en|Mr Jones|John| Doe|15042001|Bulletin #081|Message 81|212|C.C.|No|10052002|12312004|1
20000205|fr|Mrs Jones|Jane| Doe|16042001|Bulletin #082|Message 82|234|T.I.|Yes|12032001|10222005|0
20000206|es|Mr Jones|John| Doe|15042001|Bulletin #083|Message 83|2|C.CA|No|10052002|12312004|1
20000207|ar|Mrs Jones|Jane| Doe|16052001|Bulletin #084|Message 84|34|T.IDD.|Yes|12032001|10222005|0
20000208|en|Mr Jones|John| Doe|15062001|Bulletin #085|Message 85|22|C.CDE|No|10052002|12312004|1
20000209|fr|Mrs Jones|Jane| Doe|16072001|Bulletin #086|Message 86|4|T.IFFSD..|Yes|12032001|10222005|0
20000210|en|Mr Jones|John| Doe|15082001|Bulletin #087|Message 87|2|C.CCC.|No|10052002|12312004|1
20000211|fr|Mrs Jones|Jane| Doe|16092001|Bulletin #088|Message 88|334|T.X.|Yes|12032001|10222005|0
20000212|en|Mr Jones|John| Doe|15102001|Bulletin #089|Message 89|2132|C.Cxx.|No|10052002|12312004|1
20000204|en|Mr Jones|John| Doe|15042001|Bulletin #090|Message 90|212|C.C.|No|10052002|12312004|1
20000204|en|Mr Jones|John| Doe|15042001|Bulletin #091|Message 91|212|C.C.|No|10052002|12312004|1
20000205|fr|Mrs Jones|Jane| Doe|16042001|Bulletin #092|Message 92|234|T.I.|Yes|12032001|10222005|0
20000206|es|Mr Jones|John| Doe|15042001|Bulletin #093|Message 93|2|C.CA|No|10052002|12312004|1
20000207|ar|Mrs Jones|Jane| Doe|16052001|Bulletin #094|Message 94|34|T.IDD.|Yes|12032001|10222005|0
20000208|en|Mr Jones|John| Doe|15062001|Bulletin #095|Message 95|22|C.CDE|No|10052002|12312004|1
20000209|fr|Mrs Jones|Jane| Doe|16072001|Bulletin #096|Message 96|4|T.IFFSD..|Yes|12032001|10222005|0
20000210|en|Mr Jones|John| Doe|15082001|Bulletin #097|Message 97|2|C.CCC.|No|10052002|12312004|1
20000211|fr|Mrs Jones|Jane| Doe|16092001|Bulletin #098|Message 98|334|T.X.|Yes|12032001|10222005|0
20000212|en|Mr Jones|John| Doe|15102001|Bulletin #099|Message 99|2132|C.Cxx.|No|10052002|12312004|1
20000204|en|Mr Jones|John| Doe|15042001|Bulletin #100|Message 0|212|C.C.|No|10052002|12312004|1
20000204|en|Mr Jones|John| Doe|15042001|Bulletin #101|Message 1|212|C.C.|No|10052002|12312004|1
20000205|fr|Mrs Jones|Jane| Doe|16042001|Bulletin #102|Message 2|234|T.I.|Yes|12032001|10222005|0
20000206|es|Mr Jones|John| Doe|15042001|Bulletin #103|Message 3|2|C.CA|No|10052002|12312004|1
20000207|ar|Mrs Jones|Jane| Doe|16052001|Bulletin #104|Message 4|34|T.IDD.|Yes|12032001|10222005|0
20000208|en|Mr Jones|John| Doe|15062001|Bulletin #105|Message 5|22|C.CDE|No|10052002|12312004|1
20000209|fr|Mrs Jones|Jane| Doe|16072001|Bulletin #106|Message 6|4|T.IFFSD..|Yes|12032001|10222005|0
20000210|en|Mr Jones|John| Doe|15082001|Bulletin #107|Message 7|2|C.CCC.|No|10052002|12312004|1
20000211|fr|Mrs Jones|Jane| Doe|16092001|Bulletin #108|Message 8|334|T.X.|Yes|12032001|10222005|0
20000212|en|Mr Jones|John| Doe|15102001|Bulletin #109|Message 9|2132|C.Cxx.|No|10052002|12312004|1
20000204|en|Mr Jones|John| Doe|15042001|Bulletin #110|Message 10|212|C.C.|No|10052002|12312004|1
20000204|en|Mr Jones|John| Doe|15042001|Bulletin #111|Message 11|212|C.C.|No|10052002|12312004|1
20000205|fr|Mrs Jones|Jane| Doe|16042001|Bulletin #112|Message 12|234|T.I.|Yes|12032001|10222005|0
20000206|es|Mr Jones|John| Doe|15042001|Bulletin #113|Message 13|2|C.CA|No|10052002|12312004|1
20000207|ar|Mrs Jones|Jane| Doe|16052001|Bulletin #114|Message 14|34|T.IDD.|Yes|12032001|10222005|0
20000208|en|Mr Jones|John| Doe|15062001|Bulletin #115|Message 15|22|C.CDE|No|10052002|12312004|1
20000209|fr|Mrs Jones|Jane| Doe|16072001|Bulletin #116|Message 16|4|T.IFFSD..|Yes|12032001|10222005|0
20000210|en|Mr Jones|John| Doe|15082001|Bulletin #117|Message 17|2|C.CCC.|No|10052002|12312004|1
20000211|fr|Mrs Jones|Jane| Doe|16092001|Bulletin #118|Message 18|334|T.X.|Yes|12032001|10222005|0
20000212|en|Mr Jones|John| Doe|15102001|Bulletin #119|Message 19|2132|C.Cxx.|No|10052002|12312004|1
20000204|en|Mr Jones|John| Doe|15042001|Bulletin #120|Message 20|212|C.C.|No|10052002|12312004|1
20000204|en|Mr Jones|John| Doe|15042001|Bulletin #121|Message 21|212|C.C.|No|10052002|12312004|1
20000205|fr|Mrs Jones|Jane| Doe|16042001|Bulletin #122|Message 22|234|T.I.|Yes|12032001|10222005|0
20000206|es|Mr Jones|John| Doe|15042001|Bulletin #123|Message 23|2|C.CA|No|10052002|12312004|1
20000207|ar|Mrs Jones|Jane| Doe|16052001|Bulletin #124|Message 24|34|T.IDD.|Yes|12032001|10222005|0
20000208|en|Mr Jones|John| Doe|15062001|Bulletin #125|Message 25|22|C.CDE|No|10052002|12312004|1
20000209|fr|Mrs Jones|Jane| Doe|16072001|Bulletin #126|Message 26|4|T.IFFSD..|Yes|12032001|10222005|0
20000210|en|Mr Jones|John| Doe|15082001|Bulletin #127|Message 27|2|C.CCC.|No|10052002|12312004|1
20000211|fr|Mrs Jones|Jane| Doe|16092001|Bulletin #128|Message 28|334|T.X.|Yes|12032001|10222005|0
20000212|en|Mr Jones|John| Doe|15102001|Bulletin #129|Message 29|2132|C.Cxx.|No|10052002|12312004|1
20000204|en|Mr Jones|John| Doe|15042001|Bulletin #130|Message 30|212|C.C.|No|10052002|12312004|1
20000204|en|Mr Jones|John| Doe|15042001|Bulletin #131|Message 31|212|C.C.|No|10052002|12312004|1
20000205|fr|Mrs Jones|Jane| Doe|16042001|Bulletin #132|Message 32|234|T.I.|Yes|12032001|10222005|0
20000206|es|Mr Jones|John| Doe|15042001|Bulletin #133|Message 33|2|C.CA|No|10052002|12312004|1
20000207|ar|Mrs Jones|Jane| Doe|16052001|Bulletin #134|Message 34|34|T.IDD.|Yes|12032001|10222005|0
20000208|en|Mr Jones|John| Doe|15062001|Bulletin #135|Message 35|22|C.CDE|No|10052002|12312004|1
20000209|fr|Mrs Jones|Jane| Doe|16072001|Bulletin #136|Message 36|4|T.IFFSD..|Yes|12032001|10222005|0
20000210|en|Mr Jones|John| Doe|15082001|Bulletin #137|Message 37|2|C.CCC.|No|10052002|12312004|1
20000211|fr|Mrs Jones|Jane| Doe|16092001|Bulletin #138|Message 38|334|T.X.|Yes|12032001|10222005|0
20000212|en|Mr Jones|John| Doe|15102001|Bulletin #139|Message 39|2132|C.Cxx.|No|10052002|12312004|1
20000204|en|Mr Jones|John| Doe|15042001|Bulletin #140|Message 40|212|C.C.|No|10052002|12312004|1
20000204|en|Mr Jones|John| Doe|15042001|Bulletin #141|Message 41|212|C.C.|No|10052002|12312004|1
20000205|fr|Mrs Jones|Jane| Doe|16042001|Bulletin #142|Message 42|234|T.I.|Yes|12032001|10222005|0
20000206|es|Mr Jones|John| Doe|15042001|Bulletin #143|Message 43|2|C.CA|No|10052002|12312004|1
20000207|ar|Mrs Jones|Jane| Doe|16052001|Bulletin #144|Message 44|34|T.IDD.|Yes|12032001|10222005|0
20000208|en|Mr Jones|John| Doe|15062001|Bulletin #145|Message 45|22|C.CDE|No|10052002|12312004|1
20000209|fr|Mrs Jones|Jane| Doe|16072001|Bulletin #146|Message 46|4|T.IFFSD..|Yes|12032001|10222005|0
20000210|en|Mr Jones|John| Doe|15082001|Bulletin #147|Message 47|2|C.CCC.|No|10052002|12312004|1
20000211|fr|Mrs Jones|Jane| Doe|16092001|Bulletin #148|Message 48|334|T.X.|Yes|12032001|10222005|0
20000212|en|Mr Jones|John| Doe|15102001|Bulletin #149|Message 49|2132|C.Cxx.|No|10052002|12312004|1
20000204|en|Mr Jones|John| Doe|15042001|Bulletin #150|Message 50|212|C.C.|No|10052002|12312004|1
20000204|en|Mr Jones|John| Doe|15042001|Bulletin #151|Message 51|212|C.C.|No|10052002|12312004|1
20000205|fr|Mrs Jones|Jane| Doe|16042001|Bulletin #152|Message 52|234|T.I.|Yes|12032001|10222005|0
20000206|es|Mr Jones|John| Doe|15042001|Bulletin #153|Message 53|2|C.CA|No|10052002|12312004|1
20000207|ar|Mrs Jones|Jane| Doe|16052001|Bulletin #154|Message 54|34|T.IDD.|Yes|12032001|10222005|0
20000208|en|Mr Jones|John| Doe|15062001|Bulletin #155|Message 55|22|C.CDE|No|10052002|12312004|1
20000209|fr|Mrs Jones|Jane| Doe|16072001|Bulletin #156|Message 56|4|T.IFFSD..|Yes|12032001|10222005|0
20000210|en|Mr Jones|John| Doe|15082001|Bulletin #157|Message 57|2|C.CCC.|No|10052002|12312004|1
20000211|fr|Mrs Jones|Jane| Doe|16092001|Bulletin #158|Message 58|334|T.X.|Yes|12032001|10222005|0
20000212|en|Mr Jones|John| Doe|15102001|Bulletin #159|Message 59|2132|C.Cxx.|No|10052002|12312004|1
20000204|en|Mr Jones|John| Doe|15042001|Bulletin #160|Message 60|212|C.C.|No|10052002|12312004|1
20000204|en|Mr Jones|John| Doe|15042001|Bulletin #161|Message 61|212|C.C.|No|10052002|12312004|1
20000205|fr|Mrs Jones|Jane| Doe|16042001|Bulletin #162|Message 62|234|T.I.|Yes|12032001|10222005|0
20000206|es|Mr Jones|John| Doe|15042001|Bulletin #163|Message 63|2|C.CA|No|10052002|12312004|1
20000207|ar|Mrs Jones|Jane| Doe|16052001|Bulletin #164|Message 64|34|T.IDD.|Yes|12032001|10222005|0
20000208|en|Mr Jones|John| Doe|15062001|Bulletin #165|Message 65|22|C.CDE|No|10052002|12312004|1
20000209|fr|Mrs Jones|Jane| Doe|16072001|Bulletin #166|Message 66|4|T.IFFSD..|Yes|12032001|10222005|0
20000210|en|Mr Jones|John| Doe|15082001|Bulletin #167|Message 67|2|C.CCC.|No|10052002|12312004|1
20000211|fr|Mrs Jones|Jane| Doe|16092001|Bulletin #168|Message 68|334|T.X.|Yes|12032001|10222005|0
20000212|en|Mr Jones|John| Doe|15102001|Bulletin #169|Message 69|2132|C.Cxx.|No|10052002|12312004|1
20000204|en|Mr Jones|John| Doe|15042001|Bulletin #170|Message 70|212|C.C.|No|10052002|12312004|1
20000204|en|Mr Jones|John| Doe|15042001|Bulletin #171|Message 71|212|C.C.|No|10052002|12312004|1
20000205|fr|Mrs Jones|Jane| Doe|16042001|Bulletin #172|Message 72|234|T.I.|Yes|12032001|10222005|0
20000206|es|Mr Jones|John| Doe|15042001|Bulletin #173|Message 73|2|C.CA|No|10052002|12312004|1
20000207|ar|Mrs Jones|Jane| Doe|16052001|Bulletin #174|Message 74|34|T.IDD.|Yes|12032001|10222005|0
20000208|en|Mr Jones|John| Doe|15062001|Bulletin #175|Message 75|22|C.CDE|No|10052002|12312004|1
20000209|fr|Mrs Jones|Jane| Doe|16072001|Bulletin #176|Message 76|4|T.IFFSD..|Yes|12032001|10222005|0
20000210|en|Mr Jones|John| Doe|15082001|Bulletin #177|Message 77|2|C.CCC.|No|10052002|12312004|1
20000211|fr|Mrs Jones|Jane| Doe|16092001|Bulletin #178|Message 78|334|T.X.|Yes|12032001|10222005|0
20000212|en|Mr Jones|John| Doe|15102001|Bulletin #179|Message 79|2132|C.Cxx.|No|10052002|12312004|1
20000204|en|Mr Jones|John| Doe|15042001|Bulletin #180|Message 80|212|C.C.|No|10052002|12312004|1
20000204|en|Mr Jones|John| Doe|15042001|Bulletin #181|Message 81|212|C.C.|No|10052002|12312004|1
20000205|fr|Mrs Jones|Jane| Doe|16042001|Bulletin #182|Message 82|234|T.I.|Yes|12032001|10222005|0
20000206|es|Mr Jones|John| Doe|15042001|Bulletin #183|Message 83|2|C.CA|No|10052002|12312004|1
20000207|ar|Mrs Jones|Jane| Doe|16052001|Bulletin #184|Message 84|34|T.IDD.|Yes|12032001|10222005|0
20000208|en|Mr Jones|John| Doe|15062001|Bulletin #185|Message 85|22|C.CDE|No|10052002|12312004|1
20000209|fr|Mrs Jones|Jane| Doe|16072001|Bulletin #186|Message 86|4|T.IFFSD..|Yes|12032001|10222005|0
20000210|en|Mr Jones|John| Doe|15082001|Bulletin #187|Message 87|2|C.CCC.|No|10052002|12312004|1
20000211|fr|Mrs Jones|Jane| Doe|16092001|Bulletin #188|Message 88|334|T.X.|Yes|12032001|10222005|0
20000212|en|Mr Jones|John| Doe|15102001|Bulletin #189|Message 89|2132|C.Cxx.|No|10052002|12312004|1
20000204|en|Mr Jones|John| Doe|15042001|Bulletin #190|Message 90|212|C.C.|No|10052002|12312004|1
20000204|en|Mr Jones|John| Doe|15042001|Bulletin #191|Message 91|212|C.C.|No|10052002|12312004|1
20000205|fr|Mrs Jones|Jane| Doe|16042001|Bulletin #192|Message 92|234|T.I.|Yes|12032001|10222005|0
20000206|es|Mr Jones|John| Doe|15042001|Bulletin #193|Message 93|2|C.CA|No|10052002|12312004|1
20000207|ar|Mrs Jones|Jane| Doe|16052001|Bulletin #194|Message 94|34|T.IDD.|Yes|12032001|10222005|0
20000208|en|Mr Jones|John| Doe|15062001|Bulletin #195|Message 95|22|C.CDE|No|10052002|12312004|1
20000209|fr|Mrs Jones|Jane| Doe|16072001|Bulletin #196|Message 96|4|T.IFFSD..|Yes|12032001|10222005|0
20000210|en|Mr Jones|John| Doe|15082001|Bulletin #197|Message 97|2|C.CCC.|No|10052002|12312004|1
20000211|fr|Mrs Jones|Jane| Doe|16092001|Bulletin #198|Message 98|334|T.X.|Yes|12032001|10222005|0
20000212|en|Mr Jones|John| Doe|15102001|Bulletin #199|Message 99|2132|C.Cxx.|No|10052002|12312004|1
20000204|en|Mr Jones|John| Doe|15042001|Bulletin #200|Message 0|212|C.C.|No|10052002|12312004|1
20000204|en|Mr Jones|John| Doe|15042001|Bulletin #201|Message 1|212|C.C.|No|10052002|12312004|1
20000205|fr|Mrs Jones|Jane| Doe|16042001|Bulletin #202|Message 2|234|T.I.|Yes|12032001|10222005|0
20000206|es|Mr Jones|John| Doe|15042001|Bulletin #203|Message 3|2|C.CA|No|10052002|12312004|1
20000207|ar|Mrs Jones|Jane| Doe|16052001|Bulletin #204|Message 4|34|T.IDD.|Yes|12032001|10222005|0
20000208|en|Mr Jones|John| Doe|15062001|Bulletin #205|Message 5|22|C.CDE|No|10052002|12312004|1
20000209|fr|Mrs Jones|Jane| Doe|16072001|Bulletin #206|Message 6|4|T.IFFSD..|Yes|12032001|10222005|0
20000210|en|Mr Jones|John| Doe|15082001|Bulletin #207|Message 7|2|C.CCC.|No|10052002|12312004|1
20000211|fr|Mrs Jones|Jane| Doe|16092001|Bulletin #208|Message 8|334|T.X.|Yes|12032001|10222005|0
20000212|en|Mr Jones|John| Doe|15102001|Bulletin #209|Message 9|2132|C.Cxx.|No|10052002|12312004|1
20000204|en|Mr Jones|John| Doe|15042001|Bulletin #210|Message 10|212|C.C.|No|10052002|12312004|1
20000204|en|Mr Jones|John| Doe|15042001|Bulletin #211|Message 11|212|C.C.|No|10052002|12312004|1
20000205|fr|Mrs Jones|Jane| Doe|16042001|Bulletin #212|Message 12|234|T.I.|Yes|12032001|10222005|0
20000206|es|Mr Jones|John| Doe|15042001|Bulletin #213|Message 13|2|C.CA|No|10052002|12312004|1
20000207|ar|Mrs Jones|Jane| Doe|16052001|Bulletin #214|Message 14|34|T.IDD.|Yes|12032001|10222005|0
20000208|en|Mr Jones|John| Doe|15062001|Bulletin #215|Message 15|22|C.CDE|No|10052002|12312004|1
20000209|fr|Mrs Jones|Jane| Doe|16072001|Bulletin #216|Message 16|4|T.IFFSD..|Yes|12032001|10222005|0
20000210|en|Mr Jones|John| Doe|15082001|Bulletin #217|Message 17|2|C.CCC.|No|10052002|12312004|1
20000211|fr|Mrs Jones|Jane| Doe|16092001|Bulletin #218|Message 18|334|T.X.|Yes|12032001|10222005|0
20000212|en|Mr Jones|John| Doe|15102001|Bulletin #219|Message 19|2132|C.Cxx.|No|10052002|12312004|1
20000204|en|Mr Jones|John| Doe|15042001|Bulletin #220|Message 20|212|C.C.|No|10052002|12312004|1
20000204|en|Mr Jones|John| Doe|15042001|Bulletin #221|Message 21|212|C.C.|No|10052002|12312004|1
20000205|fr|Mrs Jones|Jane| Doe|16042001|Bulletin #222|Message 22|234|T.I.|Yes|12032001|10222005|0
20000206|es|Mr Jones|John| Doe|15042001|Bulletin #223|Message 23|2|C.CA|No|10052002|12312004|1
20000207|ar|Mrs Jones|Jane| Doe|16052001|Bulletin #224|Message 24|34|T.IDD.|Yes|12032001|10222005|0
20000208|en|Mr Jones|John| Doe|15062001|Bulletin #225|Message 25|22|C.CDE|No|10052002|12312004|1
20000209|fr|Mrs Jones|Jane| Doe|16072001|Bulletin #226|Message 26|4|T.IFFSD..|Yes|12032001|10222005|0
20000210|en|Mr Jones|John| Doe|15082001|Bulletin #227|Message 27|2|C.CCC.|No|10052002|12312004|1
20000211|fr|Mrs Jones|Jane| Doe|16092001|Bulletin #228|Message 28|334|T.X.|Yes|12032001|10222005|0
20000212|en|Mr Jones|John| Doe|15102001|Bulletin #229|Message 29|2132|C.Cxx.|No|10052002|12312004|1
20000204|en|Mr Jones|John| Doe|15042001|Bulletin #230|Message 30|212|C.C.|No|10052002|12312004|1
20000204|en|Mr Jones|John| Doe|15042001|Bulletin #231|Message 31|212|C.C.|No|10052002|12312004|1
20000205|fr|Mrs Jones|Jane| Doe|16042001|Bulletin #232|Message 32|234|T.I.|Yes|12032001|10222005|0
20000206|es|Mr Jones|John| Doe|15042001|Bulletin #233|Message 33|2|C.CA|No|10052002|12312004|1
20000207|ar|Mrs Jones|Jane| Doe|16052001|Bulletin #234|Message 34|34|T.IDD.|Yes|12032001|10222005|0
20000208|en|Mr Jones|John| Doe|15062001|Bulletin #235|Message 35|22|C.CDE|No|10052002|12312004|1
20000209|fr|Mrs Jones|Jane| Doe|16072001|Bulletin #236|Message 36|4|T.IFFSD..|Yes|12032001|10222005|0
20000210|en|Mr Jones|John| Doe|15082001|Bulletin #237|Message 37|2|C.CCC.|No|10052002|12312004|1
20000211|fr|Mrs Jones|Jane| Doe|16092001|Bulletin #238|Message 38|334|T.X.|Yes|12032001|10222005|0
20000212|en|Mr Jones|John| Doe|15102001|Bulletin #239|Message 39|2132|C.Cxx.|No|10052002|12312004|1
20000204|en|Mr Jones|John| Doe|15042001|Bulletin #240|Message 40|212|C.C.|No|10052002|12312004|1
20000204|en|Mr Jones|John| Doe|15042001|Bulletin #241|Message 41|212|C.C.|No|10052002|12312004|1
20000205|fr|Mrs Jones|Jane| Doe|16042001|Bulletin #242|Message 42|234|T.I.|Yes|12032001|10222005|0
20000206|es|Mr Jones|John| Doe|15042001|Bulletin #243|Message 43|2|C.CA|No|10052002|12312004|1
20000207|ar|Mrs Jones|Jane| Doe|16052001|Bulletin #244|Message 44|34|T.IDD.|Yes|12032001|10222005|0
20000208|en|Mr Jones|John| Doe|15062001|Bulletin #245|Message 45|22|C.CDE|No|10052002|12312004|1
20000209|fr|Mrs Jones|Jane| Doe|16072001|Bulletin #246|Message 46|4|T.IFFSD..|Yes|12032001|10222005|0
20000210|en|Mr Jones|John| Doe|15082001|Bulletin #247|Message 47|2|C.CCC.|No|10052002|12312004|1
20000211|fr|Mrs Jones|Jane| Doe|16092001|Bulletin #248|Message 48|334|T.X.|Yes|12032001|10222005|0
20000212|en|Mr Jones|John| Doe|15102001|Bulletin #249|Message 49|2132|C.Cxx.|No|10052002|12312004|1
20000204|en|Mr Jones|John| Doe|15042001|Bulletin #250|Message 50|212|C.C.|No|10052002|12312004|1
20000204|en|Mr Jones|John| Doe|15042001|Bulletin #251|Message 51|212|C.C.|No|10052002|12312004|1
20000205|fr|Mrs Jones|Jane| Doe|16042001|Bulletin #252|Message 52|234|T.I.|Yes|12032001|10222005|0
20000206|es|Mr Jones|John| Doe|15042001|Bulletin #253|Message 53|2|C.CA|No|10052002|12312004|1
20000207|ar|Mrs Jones|Jane| Doe|16052001|Bulletin #254|Message 54|34|T.IDD.|Yes|12032001|10222005|0
20000208|en|Mr Jones|John| Doe|15062001|Bulletin #255|Message 55|22|C.CDE|No|10052002|12312004|1
20000209|fr|Mrs Jones|Jane| Doe|16072001|Bulletin #256|Message 56|4|T.IFFSD..|Yes|12032001|10222005|0
20000210|en|Mr Jones|John| Doe|15082001|Bulletin #257|Message 57|2|C.CCC.|No|10052002|12312004|1
20000211|fr|Mrs Jones|Jane| Doe|16092001|Bulletin #258|Message 58|334|T.X.|Yes|12032001|10222005|0
20000212|en|Mr Jones|John| Doe|15102001|Bulletin #259|Message 59|2132|C.Cxx.|No|10052002|12312004|1
20000204|en|Mr Jones|John| Doe|15042001|Bulletin #260|Message 60|212|C.C.|No|10052002|12312004|1
20000204|en|Mr Jones|John| Doe|15042001|Bulletin #261|Message 61|212|C.C.|No|10052002|12312004|1
20000205|fr|Mrs Jones|Jane| Doe|16042001|Bulletin #262|Message 62|234|T.I.|Yes|12032001|10222005|0
20000206|es|Mr Jones|John| Doe|15042001|Bulletin #263|Message 63|2|C.CA|No|10052002|12312004|1
20000207|ar|Mrs Jones|Jane| Doe|16052001|Bulletin #264|Message 64|34|T.IDD.|Yes|12032001|10222005|0
20000208|en|Mr Jones|John| Doe|15062001|Bulletin #265|Message 65|22|C.CDE|No|10052002|12312004|1
20000209|fr|Mrs Jones|Jane| Doe|16072001|Bulletin #266|Message 66|4|T.IFFSD..|Yes|12032001|10222005|0
20000210|en|Mr Jones|John| Doe|15082001|Bulletin #267|Message 67|2|C.CCC.|No|10052002|12312004|1
20000211|fr|Mrs Jones|Jane| Doe|16092001|Bulletin #268|Message 68|334|T.X.|Yes|12032001|10222005|0
20000212|en|Mr Jones|John| Doe|15102001|Bulletin #269|Message 69|2132|C.Cxx.|No|10052002|12312004|1
20000204|en|Mr Jones|John| Doe|15042001|Bulletin #270|Message 70|212|C.C.|No|10052002|12312004|1
20000204|en|Mr Jones|John| Doe|15042001|Bulletin #271|Message 71|212|C.C.|No|10052002|12312004|1
20000205|fr|Mrs Jones|Jane| Doe|16042001|Bulletin #272|Message 72|234|T.I.|Yes|12032001|10222005|0
20000206|es|Mr Jones|John| Doe|15042001|Bulletin #273|Message 73|2|C.CA|No|10052002|12312004|1
20000207|ar|Mrs Jones|Jane| Doe|16052001|Bulletin #274|Message 74|34|T.IDD.|Yes|12032001|10222005|0
20000208|en|Mr Jones|John| Doe|15062001|Bulletin #275|Message 75|22|C.CDE|No|10052002|12312004|1
20000209|fr|Mrs Jones|Jane| Doe|16072001|Bulletin #276|Message 76|4|T.IFFSD..|Yes|12032001|10222005|0
20000210|en|Mr Jones|John| Doe|15082001|Bulletin #277|Message 77|2|C.CCC.|No|10052002|12312004|1
20000211|fr|Mrs Jones|Jane| Doe|16092001|Bulletin #278|Message 78|334|T.X.|Yes|12032001|10222005|0
20000212|en|Mr Jones|John| Doe|15102001|Bulletin #279|Message 79|2132|C.Cxx.|No|10052002|12312004|1
20000204|en|Mr Jones|John| Doe|15042001|Bulletin #280|Message 80|212|C.C.|No|10052002|12312004|1
20000204|en|Mr Jones|John| Doe|15042001|Bulletin #281|Message 81|212|C.C.|No|10052002|12312004|1
20000205|fr|Mrs Jones|Jane| Doe|16042001|Bulletin #282|Message 82|234|T.I.|Yes|12032001|10222005|0
20000206|es|Mr Jones|John| Doe|15042001|Bulletin #283|Message 83|2|C.CA|No|10052002|12312004|1
20000207|ar|Mrs Jones|Jane| Doe|16052001|Bulletin #284|Message 84|34|T.IDD.|Yes|12032001|10222005|0
20000208|en|Mr Jones|John| Doe|15062001|Bulletin #285|Message 85|22|C.CDE|No|10052002|12312004|1
20000209|fr|Mrs Jones|Jane| Doe|16072001|Bulletin #286|Message 86|4|T.IFFSD..|Yes|12032001|10222005|0
20000210|en|Mr Jones|John| Doe|15082001|Bulletin #287|Message 87|2|C.CCC.|No|10052002|12312004|1
20000211|fr|Mrs Jones|Jane| Doe|16092001|Bulletin #288|Message 88|334|T.X.|Yes|12032001|10222005|0
20000212|en|Mr Jones|John| Doe|15102001|Bulletin #289|Message 89|2132|C.Cxx.|No|10052002|12312004|1
20000204|en|Mr Jones|John| Doe|15042001|Bulletin #290|Message 90|212|C.C.|No|10052002|12312004|1
20000204|en|Mr Jones|John| Doe|15042001|Bulletin #291|Message 91|212|C.C.|No|10052002|12312004|1
20000205|fr|Mrs Jones|Jane| Doe|16042001|Bulletin #292|Message 92|234|T.I.|Yes|12032001|10222005|0
20000206|es|Mr Jones|John| Doe|15042001|Bulletin #293|Message 93|2|C.CA|No|10052002|12312004|1
20000207|ar|Mrs Jones|Jane| Doe|16052001|Bulletin #294|Message 94|34|T.IDD.|Yes|12032001|10222005|0
20000208|en|Mr Jones|John| Doe|15062001|Bulletin #295|Message 95|22|C.CDE|No|10052002|12312004|1
20000209|fr|Mrs Jones|Jane| Doe|16072001|Bulletin #296|Message 96|4|T.IFFSD..|Yes|12032001|10222005|0
20000210|en|Mr Jones|John| Doe|15082001|Bulletin #297|Message 97|2|C.CCC.|No|10052002|12312004|1
20000211|fr|Mrs Jones|Jane| Doe|16092001|Bulletin #298|Message 98|334|T.X.|Yes|12032001|10222005|0
20000212|en|Mr Jones|John| Doe|15102001|Bulletin #299|Message 99|2132|C.Cxx.|No|10052002|12312004|1
20000204|en|Mr Jones|John| Doe|15042001|Bulletin #300|Message 0|212|C.C.|No|10052002|12312004|1
20000204|en|Mr Jones|John| Doe|15042001|Bulletin #301|Message 1|212|C.C.|No|10052002|12312004|1
20000205|fr|Mrs Jones|Jane| Doe|16042001|Bulletin #302|Message 2|234|T.I.|Yes|12032001|10222005|0
20000206|es|Mr Jones|John| Doe|15042001|Bulletin #303|Message 3|2|C.CA|No|10052002|12312004|1
20000207|ar|Mrs Jones|Jane| Doe|16052001|Bulletin #304|Message 4|34|T.IDD.|Yes|12032001|10222005|0
20000208|en|Mr Jones|John| Doe|15062001|Bulletin #305|Message 5|22|C.CDE|No|10052002|12312004|1
20000209|fr|Mrs Jones|Jane| Doe|16072001|Bulletin #306|Message 6|4|T.IFFSD..|Yes|12032001|10222005|0
20000210|en|Mr Jones|John| Doe|15082001|Bulletin #307|Message 7|2|C.CCC.|No|10052002|12312004|1
20000211|fr|Mrs Jones|Jane| Doe|16092001|Bulletin #308|Message 8|334|T.X.|Yes|12032001|10222005|0
20000212|en|Mr Jones|John| Doe|15102001|Bulletin #309|Message 9|2132|C.Cxx.|No|10052002|12312004|1
20000204|en|Mr Jones|John| Doe|15042001|Bulletin #310|Message 10|212|C.C.|No|10052002|12312004|1
20000204|en|Mr Jones|John| Doe|15042001|Bulletin #311|Message 11|212|C.C.|No|10052002|12312004|1
20000205|fr|Mrs Jones|Jane| Doe|16042001|Bulletin #312|Message 12|234|T.I.|Yes|12032001|10222005|0
20000206|es|Mr Jones|John| Doe|15042001|Bulletin #313|Message 13|2|C.CA|No|10052002|12312004|1
20000207|ar|Mrs Jones|Jane| Doe|16052001|Bulletin #314|Message 14|34|T.IDD.|Yes|12032001|10222005|0
20000208|en|Mr Jones|John| Doe|15062001|Bulletin #315|Message 15|22|C.CDE|No|10052002|12312004|1
20000209|fr|Mrs Jones|Jane| Doe|16072001|Bulletin #316|Message 16|4|T.IFFSD..|Yes|12032001|10222005|0
20000210|en|Mr Jones|John| Doe|15082001|Bulletin #317|Message 17|2|C.CCC.|No|10052002|12312004|1
20000211|fr|Mrs Jones|Jane| Doe|16092001|Bulletin #318|Message 18|334|T.X.|Yes|12032001|10222005|0
20000212|en|Mr Jones|John| Doe|15102001|Bulletin #319|Message 19|2132|C.Cxx.|No|10052002|12312004|1
20000204|en|Mr Jones|John| Doe|15042001|Bulletin #320|Message 20|212|C.C.|No|10052002|12312004|1
20000204|en|Mr Jones|John| Doe|15042001|Bulletin #321|Message 21|212|C.C.|No|10052002|12312004|1
20000205|fr|Mrs Jones|Jane| Doe|16042001|Bulletin #322|Message 22|234|T.I.|Yes|12032001|10222005|0
20000206|es|Mr Jones|John| Doe|15042001|Bulletin #323|Message 23|2|C.CA|No|10052002|12312004|1
20000207|ar|Mrs Jones|Jane| Doe|16052001|Bulletin #324|Message 24|34|T.IDD.|Yes|12032001|10222005|0
20000208|en|Mr Jones|John| Doe|15062001|Bulletin #325|Message 25|22|C.CDE|No|10052002|12312004|1
20000209|fr|Mrs Jones|Jane| Doe|16072001|Bulletin #326|Message 26|4|T.IFFSD..|Yes|12032001|10222005|0
20000210|en|Mr Jones|John| Doe|15082001|Bulletin #327|Message 27|2|C.CCC.|No|10052002|12312004|1
20000211|fr|Mrs Jones|Jane| Doe|16092001|Bulletin #328|Message 28|334|T.X.|Yes|12032001|10222005|0
20000212|en|Mr Jones|John| Doe|15102001|Bulletin #329|Message 29|2132|C.Cxx.|No|10052002|12312004|1
20000204|en|Mr Jones|John| Doe|15042001|Bulletin #330|Message 30|212|C.C.|No|10052002|12312004|1
20000204|en|Mr Jones|John| Doe|15042001|Bulletin #331|Message 31|212|C.C.|No|10052002|12312004|1
20000205|fr|Mrs Jones|Jane| Doe|16042001|Bulletin #332|Message 32|234|T.I.|Yes|12032001|10222005|0
20000206|es|Mr Jones|John| Doe|15042001|Bulletin #333|Message 33|2|C.CA|No|10052002|12312004|1
20000207|ar|Mrs Jones|Jane| Doe|16052001|Bulletin #334|Message 34|34|T.IDD.|Yes|12032001|10222005|0
20000208|en|Mr Jones|John| Doe|15062001|Bulletin #335|Message 35|22|C.CDE|No|10052002|12312004|1
20000209|fr|Mrs Jones|Jane| Doe|16072001|Bulletin #336|Message 36|4|T.IFFSD..|Yes|12032001|10222005|0
20000210|en|Mr Jones|John| Doe|15082001|Bulletin #337|Message 37|2|C.CCC.|No|10052002|12312004|1
20000211|fr|Mrs Jones|Jane| Doe|16092001|Bulletin #338|Message 38|334|T.X.|Yes|12032001|10222005|0
20000212|en|Mr Jones|John| Doe|15102001|Bulletin #339|Message 39|2132|C.Cxx.|No|10052002|12312004|1
20000204|en|Mr Jones|John| Doe|15042001|Bulletin #340|Message 40|212|C.C.|No|10052002|12312004|1
20000204|en|Mr Jones|John| Doe|15042001|Bulletin #341|Message 41|212|C.C.|No|10052002|12312004|1
20000205|fr|Mrs Jones|Jane| Doe|16042001|Bulletin #342|Message 42|234|T.I.|Yes|12032001|10222005|0
20000206|es|Mr Jones|John| Doe|15042001|Bulletin #343|Message 43|2|C.CA|No|10052002|12312004|1
20000207|ar|Mrs Jones|Jane| Doe|16052001|Bulletin #344|Message 44|34|T.IDD.|Yes|12032001|10222005|0
20000208|en|Mr Jones|John| Doe|15062001|Bulletin #345|Message 45|22|C.CDE|No|10052002|12312004|1
20000209|fr|Mrs Jones|Jane| Doe|16072001|Bulletin #346|Message 46|4|T.IFFSD..|Yes|12032001|10222005|0
20000210|en|Mr Jones|John| Doe|15082001|Bulletin #347|Message 47|2|C.CCC.|No|10052002|12312004|1
20000211|fr|Mrs Jones|Jane| Doe|16092001|Bulletin #348|Message 48|334|T.X.|Yes|12032001|10222005|0
20000212|en|Mr Jones|John| Doe|15102001|Bulletin #349|Message 49|2132|C.Cxx.|No|10052002|12312004|1
20000204|en|Mr Jones|John| Doe|15042001|Bulletin #350|Message 50|212|C.C.|No|10052002|12312004|1
20000204|en|Mr Jones|John| Doe|15042001|Bulletin #351|Message 51|212|C.C.|No|10052002|12312004|1
20000205|fr|Mrs Jones|Jane| Doe|16042001|Bulletin #352|Message 52|234|T.I.|Yes|12032001|10222005|0
20000206|es|Mr Jones|John| Doe|15042001|Bulletin #353|Message 53|2|C.CA|No|10052002|12312004|1
20000207|ar|Mrs Jones|Jane| Doe|16052001|Bulletin #354|Message 54|34|T.IDD.|Yes|12032001|10222005|0
20000208|en|Mr Jones|John| Doe|15062001|Bulletin #355|Message 55|22|C.CDE|No|10052002|12312004|1
20000209|fr|Mrs Jones|Jane| Doe|16072001|Bulletin #356|Message 56|4|T.IFFSD..|Yes|12032001|10222005|0
20000210|en|Mr Jones|John| Doe|15082001|Bulletin #357|Message 57|2|C.CCC.|No|10052002|12312004|1
20000211|fr|Mrs Jones|Jane| Doe|16092001|Bulletin #358|Message 58|334|T.X.|Yes|12032001|10222005|0
20000212|en|Mr Jones|John| Doe|15102001|Bulletin #359|Message 59|2132|C.Cxx.|No|10052002|12312004|1
20000204|en|Mr Jones|John| Doe|15042001|Bulletin #360|Message 60|212|C.C.|No|10052002|12312004|1
20000204|en|Mr Jones|John| Doe|15042001|Bulletin #361|Message 61|212|C.C.|No|10052002|12312004|1
20000205|fr|Mrs Jones|Jane| Doe|16042001|Bulletin #362|Message 62|234|T.I.|Yes|12032001|10222005|0
20000206|es|Mr Jones|John| Doe|15042001|Bulletin #363|Message 63|2|C.CA|No|10052002|12312004|1
20000207|ar|Mrs Jones|Jane| Doe|16052001|Bulletin #364|Message 64|34|T.IDD.|Yes|12032001|10222005|0
20000208|en|Mr Jones|John| Doe|15062001|Bulletin #365|Message 65|22|C.CDE|No|10052002|12312004|1
20000209|fr|Mrs Jones|Jane| Doe|16072001|Bulletin #366|Message 66|4|T.IFFSD..|Yes|12032001|10222005|0
20000210|en|Mr Jones|John| Doe|15082001|Bulletin #367|Message 67|2|C.CCC.|No|10052002|12312004|1
20000211|fr|Mrs Jones|Jane| Doe|16092001|Bulletin #368|Message 68|334|T.X.|Yes|12032001|10222005|0
20000212|en|Mr Jones|John| Doe|15102001|Bulletin #369|Message 69|2132|C.Cxx.|No|10052002|12312004|1
20000204|en|Mr Jones|John| Doe|15042001|Bulletin #370|Message 70|212|C.C.|No|10052002|12312004|1
20000204|en|Mr Jones|John| Doe|15042001|Bulletin #371|Message 71|212|C.C.|No|10052002|12312004|1
20000205|fr|Mrs Jones|Jane| Doe|16042001|Bulletin #372|Message 72|234|T.I.|Yes|12032001|10222005|0
20000206|es|Mr Jones|John| Doe|15042001|Bulletin #373|Message 73|2|C.CA|No|10052002|12312004|1
20000207|ar|Mrs Jones|Jane| Doe|16052001|Bulletin #374|Message 74|34|T.IDD.|Yes|12032001|10222005|0
20000208|en|Mr Jones|John| Doe|15062001|Bulletin #375|Message 75|22|C.CDE|No|10052002|12312004|1
20000209|fr|Mrs Jones|Jane| Doe|16072001|Bulletin #376|Message 76|4|T.IFFSD..|Yes|12032001|10222005|0
20000210|en|Mr Jones|John| Doe|15082001|Bulletin #377|Message 77|2|C.CCC.|No|10052002|12312004|1
20000211|fr|Mrs Jones|Jane| Doe|16092001|Bulletin #378|Message 78|334|T.X.|Yes|12032001|10222005|0
20000212|en|Mr Jones|John| Doe|15102001|Bulletin #379|Message 79|2132|C.Cxx.|No|10052002|12312004|1
20000204|en|Mr Jones|John| Doe|15042001|Bulletin #380|Message 80|212|C.C.|No|10052002|12312004|1
20000204|en|Mr Jones|John| Doe|15042001|Bulletin #381|Message 81|212|C.C.|No|10052002|12312004|1
20000205|fr|Mrs Jones|Jane| Doe|16042001|Bulletin #382|Message 82|234|T.I.|Yes|12032001|10222005|0
20000206|es|Mr Jones|John| Doe|15042001|Bulletin #383|Message 83|2|C.CA|No|10052002|12312004|1
20000207|ar|Mrs Jones|Jane| Doe|16052001|Bulletin #384|Message 84|34|T.IDD.|Yes|12032001|10222005|0
20000208|en|Mr Jones|John| Doe|15062001|Bulletin #385|Message 85|22|C.CDE|No|10052002|12312004|1
20000209|fr|Mrs Jones|Jane| Doe|16072001|Bulletin #386|Message 86|4|T.IFFSD..|Yes|12032001|10222005|0
20000210|en|Mr Jones|John| Doe|15082001|Bulletin #387|Message 87|2|C.CCC.|No|10052002|12312004|1
20000211|fr|Mrs Jones|Jane| Doe|16092001|Bulletin #388|Message 88|334|T.X.|Yes|12032001|10222005|0
20000212|en|Mr Jones|John| Doe|15102001|Bulletin #389|Message 89|2132|C.Cxx.|No|10052002|12312004|1
20000204|en|Mr Jones|John| Doe|15042001|Bulletin #390|Message 90|212|C.C.|No|10052002|12312004|1
20000204|en|Mr Jones|John| Doe|15042001|Bulletin #391|Message 91|212|C.C.|No|10052002|12312004|1
20000205|fr|Mrs Jones|Jane| Doe|16042001|Bulletin #392|Message 92|234|T.I.|Yes|12032001|10222005|0
20000206|es|Mr Jones|John| Doe|15042001|Bulletin #393|Message 93|2|C.CA|No|10052002|12312004|1
20000207|ar|Mrs Jones|Jane| Doe|16052001|Bulletin #394|Message 94|34|T.IDD.|Yes|12032001|10222005|0
20000208|en|Mr Jones|John| Doe|15062001|Bulletin #395|Message 95|22|C.CDE|No|10052002|12312004|1
20000209|fr|Mrs Jones|Jane| Doe|16072001|Bulletin #396|Message 96|4|T.IFFSD..|Yes|12032001|10222005|0
20000210|en|Mr Jones|John| Doe|15082001|Bulletin #397|Message 97|2|C.CCC.|No|10052002|12312004|1
20000211|fr|Mrs Jones|Jane| Doe|16092001|Bulletin #398|Message 98|334|T.X.|Yes|12032001|10222005|0
20000212|en|Mr Jones|John| Doe|15102001|Bulletin #399|Message 99|2132|C.Cxx.|No|10052002|12312004|1
20000204|en|Mr Jones|John| Doe|15042001|Bulletin #400|Message 0|212|C.C.|No|10052002|12312004|1
20000204|en|Mr Jones|John| Doe|15042001|Bulletin #401|Message 1|212|C.C.|No|10052002|12312004|1
20000205|fr|Mrs Jones|Jane| Doe|16042001|Bulletin #402|Message 2|234|T.I.|Yes|12032001|10222005|0
20000206|es|Mr Jones|John| Doe|15042001|Bulletin #403|Message 3|2|C.CA|No|10052002|12312004|1
20000207|ar|Mrs Jones|Jane| Doe|16052001|Bulletin #404|Message 4|34|T.IDD.|Yes|12032001|10222005|0
20000208|en|Mr Jones|John| Doe|15062001|Bulletin #405|Message 5|22|C.CDE|No|10052002|12312004|1
20000209|fr|Mrs Jones|Jane| Doe|16072001|Bulletin #406|Message 6|4|T.IFFSD..|Yes|12032001|10222005|0
20000210|en|Mr Jones|John| Doe|15082001|Bulletin #407|Message 7|2|C.CCC.|No|10052002|12312004|1
20000211|fr|Mrs Jones|Jane| Doe|16092001|Bulletin #408|Message 8|334|T.X.|Yes|12032001|10222005|0
20000212|en|Mr Jones|John| Doe|15102001|Bulletin #409|Message 9|2132|C.Cxx.|No|10052002|12312004|1
20000204|en|Mr Jones|John| Doe|15042001|Bulletin #410|Message 10|212|C.C.|No|10052002|12312004|1
20000204|en|Mr Jones|John| Doe|15042001|Bulletin #411|Message 11|212|C.C.|No|10052002|12312004|1
20000205|fr|Mrs Jones|Jane| Doe|16042001|Bulletin #412|Message 12|234|T.I.|Yes|12032001|10222005|0
20000206|es|Mr Jones|John| Doe|15042001|Bulletin #413|Message 13|2|C.CA|No|10052002|12312004|1
20000207|ar|Mrs Jones|Jane| Doe|16052001|Bulletin #414|Message 14|34|T.IDD.|Yes|12032001|10222005|0
20000208|en|Mr Jones|John| Doe|15062001|Bulletin #415|Message 15|22|C.CDE|No|10052002|12312004|1
20000209|fr|Mrs Jones|Jane| Doe|16072001|Bulletin #416|Message 16|4|T.IFFSD..|Yes|12032001|10222005|0
20000210|en|Mr Jones|John| Doe|15082001|Bulletin #417|Message 17|2|C.CCC.|No|10052002|12312004|1
20000211|fr|Mrs Jones|Jane| Doe|16092001|Bulletin #418|Message 18|334|T.X.|Yes|12032001|10222005|0
20000212|en|Mr Jones|John| Doe|15102001|Bulletin #419|Message 19|2132|C.Cxx.|No|10052002|12312004|1
20000204|en|Mr Jones|John| Doe|15042001|Bulletin #420|Message 20|212|C.C.|No|10052002|12312004|1
20000204|en|Mr Jones|John| Doe|15042001|Bulletin #421|Message 21|212|C.C.|No|10052002|12312004|1
20000205|fr|Mrs Jones|Jane| Doe|16042001|Bulletin #422|Message 22|234|T.I.|Yes|12032001|10222005|0
20000206|es|Mr Jones|John| Doe|15042001|Bulletin #423|Message 23|2|C.CA|No|10052002|12312004|1
20000207|ar|Mrs Jones|Jane| Doe|16052001|Bulletin #424|Message 24|34|T.IDD.|Yes|12032001|10222005|0
20000208|en|Mr Jones|John| Doe|15062001|Bulletin #425|Message 25|22|C.CDE|No|10052002|12312004|1
20000209|fr|Mrs Jones|Jane| Doe|16072001|Bulletin #426|Message 26|4|T.IFFSD..|Yes|12032001|10222005|0
20000210|en|Mr Jones|John| Doe|15082001|Bulletin #427|Message 27|2|C.CCC.|No|10052002|12312004|1
20000211|fr|Mrs Jones|Jane| Doe|16092001|Bulletin #428|Message 28|334|T.X.|Yes|12032001|10222005|0
20000212|en|Mr Jones|John| Doe|15102001|Bulletin #429|Message 29|2132|C.Cxx.|No|10052002|12312004|1
20000204|en|Mr Jones|John| Doe|15042001|Bulletin #430|Message 30|212|C.C.|No|10052002|12312004|1
20000204|en|Mr Jones|John| Doe|15042001|Bulletin #431|Message 31|212|C.C.|No|10052002|12312004|1
20000205|fr|Mrs Jones|Jane| Doe|16042001|Bulletin #432|Message 32|234|T.I.|Yes|12032001|10222005|0
20000206|es|Mr Jones|John| Doe|15042001|Bulletin #433|Message 33|2|C.CA|No|10052002|12312004|1
20000207|ar|Mrs Jones|Jane| Doe|16052001|Bulletin #434|Message 34|34|T.IDD.|Yes|12032001|10222005|0
20000208|en|Mr Jones|John| Doe|15062001|Bulletin #435|Message 35|22|C.CDE|No|10052002|12312004|1
20000209|fr|Mrs Jones|Jane| Doe|16072001|Bulletin #436|Message 36|4|T.IFFSD..|Yes|12032001|10222005|0
20000210|en|Mr Jones|John| Doe|15082001|Bulletin #437|Message 37|2|C.CCC.|No|10052002|12312004|1
20000211|fr|Mrs Jones|Jane| Doe|16092001|Bulletin #438|Message 38|334|T.X.|Yes|12032001|10222005|0
20000212|en|Mr Jones|John| Doe|15102001|Bulletin #439|Message 39|2132|C.Cxx.|No|10052002|12312004|1
20000204|en|Mr Jones|John| Doe|15042001|Bulletin #440|Message 40|212|C.C.|No|10052002|12312004|1
20000204|en|Mr Jones|John| Doe|15042001|Bulletin #441|Message 41|212|C.C.|No|10052002|12312004|1
20000205|fr|Mrs Jones|Jane| Doe|16042001|Bulletin #442|Message 42|234|T.I.|Yes|12032001|10222005|0
20000206|es|Mr Jones|John| Doe|15042001|Bulletin #443|Message 43|2|C.CA|No|10052002|12312004|1
20000207|ar|Mrs Jones|Jane| Doe|16052001|Bulletin #444|Message 44|34|T.IDD.|Yes|12032001|10222005|0
20000208|en|Mr Jones|John| Doe|15062001|Bulletin #445|Message 45|22|C.CDE|No|10052002|12312004|1
20000209|fr|Mrs Jones|Jane| Doe|16072001|Bulletin #446|Message 46|4|T.IFFSD..|Yes|12032001|10222005|0
20000210|en|Mr Jones|John| Doe|15082001|Bulletin #447|Message 47|2|C.CCC.|No|10052002|12312004|1
20000211|fr|Mrs Jones|Jane| Doe|16092001|Bulletin #448|Message 48|334|T.X.|Yes|12032001|10222005|0
20000212|en|Mr Jones|John| Doe|15102001|Bulletin #449|Message 49|2132|C.Cxx.|No|10052002|12312004|1
20000204|en|Mr Jones|John| Doe|15042001|Bulletin #450|Message 50|212|C.C.|No|10052002|12312004|1
20000204|en|Mr Jones|John| Doe|15042001|Bulletin #451|Message 51|212|C.C.|No|10052002|12312004|1
20000205|fr|Mrs Jones|Jane| Doe|16042001|Bulletin #452|Message 52|234|T.I.|Yes|12032001|10222005|0
20000206|es|Mr Jones|John| Doe|15042001|Bulletin #453|Message 53|2|C.CA|No|10052002|12312004|1
20000207|ar|Mrs Jones|Jane| Doe|16052001|Bulletin #454|Message 54|34|T.IDD.|Yes|12032001|10222005|0
20000208|en|Mr Jones|John| Doe|15062001|Bulletin #455|Message 55|22|C.CDE|No|10052002|12312004|1
20000209|fr|Mrs Jones|Jane| Doe|16072001|Bulletin #456|Message 56|4|T.IFFSD..|Yes|12032001|10222005|0
20000210|en|Mr Jones|John| Doe|15082001|Bulletin #457|Message 57|2|C.CCC.|No|10052002|12312004|1
20000211|fr|Mrs Jones|Jane| Doe|16092001|Bulletin #458|Message 58|334|T.X.|Yes|12032001|10222005|0
20000212|en|Mr Jones|John| Doe|15102001|Bulletin #459|Message 59|2132|C.Cxx.|No|10052002|12312004|1
20000204|en|Mr Jones|John| Doe|15042001|Bulletin #460|Message 60|212|C.C.|No|10052002|12312004|1
20000204|en|Mr Jones|John| Doe|15042001|Bulletin #461|Message 61|212|C.C.|No|10052002|12312004|1
20000205|fr|Mrs Jones|Jane| Doe|16042001|Bulletin #462|Message 62|234|T.I.|Yes|12032001|10222005|0
20000206|es|Mr Jones|John| Doe|15042001|Bulletin #463|Message 63|2|C.CA|No|10052002|12312004|1
20000207|ar|Mrs Jones|Jane| Doe|16052001|Bulletin #464|Message 64|34|T.IDD.|Yes|12032001|10222005|0
20000208|en|Mr Jones|John| Doe|15062001|Bulletin #465|Message 65|22|C.CDE|No|10052002|12312004|1
20000209|fr|Mrs Jones|Jane| Doe|16072001|Bulletin #466|Message 66|4|T.IFFSD..|Yes|12032001|10222005|0
20000210|en|Mr Jones|John| Doe|15082001|Bulletin #467|Message 67|2|C.CCC.|No|10052002|12312004|1
20000211|fr|Mrs Jones|Jane| Doe|16092001|Bulletin #468|Message 68|334|T.X.|Yes|12032001|10222005|0
20000212|en|Mr Jones|John| Doe|15102001|Bulletin #469|Message 69|2132|C.Cxx.|No|10052002|12312004|1
20000204|en|Mr Jones|John| Doe|15042001|Bulletin #470|Message 70|212|C.C.|No|10052002|12312004|1
20000204|en|Mr Jones|John| Doe|15042001|Bulletin #471|Message 71|212|C.C.|No|10052002|12312004|1
20000205|fr|Mrs Jones|Jane| Doe|16042001|Bulletin #472|Message 72|234|T.I.|Yes|12032001|10222005|0
20000206|es|Mr Jones|John| Doe|15042001|Bulletin #473|Message 73|2|C.CA|No|10052002|12312004|1
20000207|ar|Mrs Jones|Jane| Doe|16052001|Bulletin #474|Message 74|34|T.IDD.|Yes|12032001|10222005|0
20000208|en|Mr Jones|John| Doe|15062001|Bulletin #475|Message 75|22|C.CDE|No|10052002|12312004|1
20000209|fr|Mrs Jones|Jane| Doe|16072001|Bulletin #476|Message 76|4|T.IFFSD..|Yes|12032001|10222005|0
20000210|en|Mr Jones|John| Doe|15082001|Bulletin #477|Message 77|2|C.CCC.|No|10052002|12312004|1
20000211|fr|Mrs Jones|Jane| Doe|16092001|Bulletin #478|Message 78|334|T.X.|Yes|12032001|10222005|0
20000212|en|Mr Jones|John| Doe|15102001|Bulletin #479|Message 79|2132|C.Cxx.|No|10052002|12312004|1
20000204|en|Mr Jones|John| Doe|15042001|Bulletin #480|Message 80|212|C.C.|No|10052002|12312004|1
20000204|en|Mr Jones|John| Doe|15042001|Bulletin #481|Message 81|212|C.C.|No|10052002|12312004|1
20000205|fr|Mrs Jones|Jane| Doe|16042001|Bulletin #482|Message 82|234|T.I.|Yes|12032001|10222005|0
20000206|es|Mr Jones|John| Doe|15042001|Bulletin #483|Message 83|2|C.CA|No|10052002|12312004|1
20000207|ar|Mrs Jones|Jane| Doe|16052001|Bulletin #484|Message 84|34|T.IDD.|Yes|12032001|10222005|0
20000208|en|Mr Jones|John| Doe|15062001|Bulletin #485|Message 85|22|C.CDE|No|10052002|12312004|1
20000209|fr|Mrs Jones|Jane| Doe|16072001|Bulletin #486|Message 86|4|T.IFFSD..|Yes|12032001|10222005|0
20000210|en|Mr Jones|John| Doe|15082001|Bulletin #487|Message 87|2|C.CCC.|No|10052002|12312004|1
20000211|fr|Mrs Jones|Jane| Doe|16092001|Bulletin #488|Message 88|334|T.X.|Yes|12032001|10222005|0
20000212|en|Mr Jones|John| Doe|15102001|Bulletin #489|Message 89|2132|C.Cxx.|No|10052002|12312004|1
20000204|en|Mr Jones|John| Doe|15042001|Bulletin #490|Message 90|212|C.C.|No|10052002|12312004|1
20000204|en|Mr Jones|John| Doe|15042001|Bulletin #491|Message 91|212|C.C.|No|10052002|12312004|1
20000205|fr|Mrs Jones|Jane| Doe|16042001|Bulletin #492|Message 92|234|T.I.|Yes|12032001|10222005|0
20000206|es|Mr Jones|John| Doe|15042001|Bulletin #493|Message 93|2|C.CA|No|10052002|12312004|1
20000207|ar|Mrs Jones|Jane| Doe|16052001|Bulletin #494|Message 94|34|T.IDD.|Yes|12032001|10222005|0
20000208|en|Mr Jones|John| Doe|15062001|Bulletin #495|Message 95|22|C.CDE|No|10052002|12312004|1
20000209|fr|Mrs Jones|Jane| Doe|16072001|Bulletin #496|Message 96|4|T.IFFSD..|Yes|12032001|10222005|0
20000210|en|Mr Jones|John| Doe|15082001|Bulletin #497|Message 97|2|C.CCC.|No|10052002|12312004|1
20000211|fr|Mrs Jones|Jane| Doe|16092001|Bulletin #498|Message 98|334|T.X.|Yes|12032001|10222005|0
20000212|en|Mr Jones|John| Doe|15102001|Bulletin #499|Message 99|2132|C.Cxx.|No|10052002|12312004|1
20000204|en|Mr Jones|John| Doe|15042001|Bulletin #500|Message 0|212|C.C.|No|10052002|12312004|1
20000204|en|Mr Jones|John| Doe|15042001|Bulletin #501|Message 1|212|C.C.|No|10052002|12312004|1
20000205|fr|Mrs Jones|Jane| Doe|16042001|Bulletin #502|Message 2|234|T.I.|Yes|12032001|10222005|0
20000206|es|Mr Jones|John| Doe|15042001|Bulletin #503|Message 3|2|C.CA|No|10052002|12312004|1
20000207|ar|Mrs Jones|Jane| Doe|16052001|Bulletin #504|Message 4|34|T.IDD.|Yes|12032001|10222005|0
20000208|en|Mr Jones|John| Doe|15062001|Bulletin #505|Message 5|22|C.CDE|No|10052002|12312004|1
20000209|fr|Mrs Jones|Jane| Doe|16072001|Bulletin #506|Message 6|4|T.IFFSD..|Yes|12032001|10222005|0
20000210|en|Mr Jones|John| Doe|15082001|Bulletin #507|Message 7|2|C.CCC.|No|10052002|12312004|1
20000211|fr|Mrs Jones|Jane| Doe|16092001|Bulletin #508|Message 8|334|T.X.|Yes|12032001|10222005|0
20000212|en|Mr Jones|John| Doe|15102001|Bulletin #509|Message 9|2132|C.Cxx.|No|10052002|12312004|1
20000204|en|Mr Jones|John| Doe|15042001|Bulletin #510|Message 10|212|C.C.|No|10052002|12312004|1
20000204|en|Mr Jones|John| Doe|15042001|Bulletin #511|Message 11|212|C.C.|No|10052002|12312004|1
20000205|fr|Mrs Jones|Jane| Doe|16042001|Bulletin #512|Message 12|234|T.I.|Yes|12032001|10222005|0
20000206|es|Mr Jones|John| Doe|15042001|Bulletin #513|Message 13|2|C.CA|No|10052002|12312004|1
20000207|ar|Mrs Jones|Jane| Doe|16052001|Bulletin #514|Message 14|34|T.IDD.|Yes|12032001|10222005|0
20000208|en|Mr Jones|John| Doe|15062001|Bulletin #515|Message 15|22|C.CDE|No|10052002|12312004|1
20000209|fr|Mrs Jones|Jane| Doe|16072001|Bulletin #516|Message 16|4|T.IFFSD..|Yes|12032001|10222005|0
20000210|en|Mr Jones|John| Doe|15082001|Bulletin #517|Message 17|2|C.CCC.|No|10052002|12312004|1
20000211|fr|Mrs Jones|Jane| Doe|16092001|Bulletin #518|Message 18|334|T.X.|Yes|12032001|10222005|0
20000212|en|Mr Jones|John| Doe|15102001|Bulletin #519|Message 19|2132|C.Cxx.|No|10052002|12312004|1
20000204|en|Mr Jones|John| Doe|15042001|Bulletin #520|Message 20|212|C.C.|No|10052002|12312004|1
20000204|en|Mr Jones|John| Doe|15042001|Bulletin #521|Message 21|212|C.C.|No|10052002|12312004|1
20000205|fr|Mrs Jones|Jane| Doe|16042001|Bulletin #522|Message 22|234|T.I.|Yes|12032001|10222005|0
20000206|es|Mr Jones|John| Doe|15042001|Bulletin #523|Message 23|2|C.CA|No|10052002|12312004|1
20000207|ar|Mrs Jones|Jane| Doe|16052001|Bulletin #524|Message 24|34|T.IDD.|Yes|12032001|10222005|0
20000208|en|Mr Jones|John| Doe|15062001|Bulletin #525|Message 25|22|C.CDE|No|10052002|12312004|1
20000209|fr|Mrs Jones|Jane| Doe|16072001|Bulletin #526|Message 26|4|T.IFFSD..|Yes|12032001|10222005|0
20000210|en|Mr Jones|John| Doe|15082001|Bulletin #527|Message 27|2|C.CCC.|No|10052002|12312004|1
20000211|fr|Mrs Jones|Jane| Doe|16092001|Bulletin #528|Message 28|334|T.X.|Yes|12032001|10222005|0
20000212|en|Mr Jones|John| Doe|15102001|Bulletin #529|Message 29|2132|C.Cxx.|No|10052002|12312004|1
20000204|en|Mr Jones|John| Doe|15042001|Bulletin #530|Message 30|212|C.C.|No|10052002|12312004|1
20000204|en|Mr Jones|John| Doe|15042001|Bulletin #531|Message 31|212|C.C.|No|10052002|12312004|1
20000205|fr|Mrs Jones|Jane| Doe|16042001|Bulletin #532|Message 32|234|T.I.|Yes|12032001|10222005|0
20000206|es|Mr Jones|John| Doe|15042001|Bulletin #533|Message 33|2|C.CA|No|10052002|12312004|1
20000207|ar|Mrs Jones|Jane| Doe|16052001|Bulletin #534|Message 34|34|T.IDD.|Yes|12032001|10222005|0
20000208|en|Mr Jones|John| Doe|15062001|Bulletin #535|Message 35|22|C.CDE|No|10052002|12312004|1
20000209|fr|Mrs Jones|Jane| Doe|16072001|Bulletin #536|Message 36|4|T.IFFSD..|Yes|12032001|10222005|0
20000210|en|Mr Jones|John| Doe|15082001|Bulletin #537|Message 37|2|C.CCC.|No|10052002|12312004|1
20000211|fr|Mrs Jones|Jane| Doe|16092001|Bulletin #538|Message 38|334|T.X.|Yes|12032001|10222005|0
20000212|en|Mr Jones|John| Doe|15102001|Bulletin #539|Message 39|2132|C.Cxx.|No|10052002|12312004|1
20000204|en|Mr Jones|John| Doe|15042001|Bulletin #540|Message 40|212|C.C.|No|10052002|12312004|1
20000204|en|Mr Jones|John| Doe|15042001|Bulletin #541|Message 41|212|C.C.|No|10052002|12312004|1
20000205|fr|Mrs Jones|Jane| Doe|16042001|Bulletin #542|Message 42|234|T.I.|Yes|12032001|10222005|0
20000206|es|Mr Jones|John| Doe|15042001|Bulletin #543|Message 43|2|C.CA|No|10052002|12312004|1
20000207|ar|Mrs Jones|Jane| Doe|16052001|Bulletin #544|Message 44|34|T.IDD.|Yes|12032001|10222005|0
20000208|en|Mr Jones|John| Doe|15062001|Bulletin #545|Message 45|22|C.CDE|No|10052002|12312004|1
20000209|fr|Mrs Jones|Jane| Doe|16072001|Bulletin #546|Message 46|4|T.IFFSD..|Yes|12032001|10222005|0
20000210|en|Mr Jones|John| Doe|15082001|Bulletin #547|Message 47|2|C.CCC.|No|10052002|12312004|1
20000211|fr|Mrs Jones|Jane| Doe|16092001|Bulletin #548|Message 48|334|T.X.|Yes|12032001|10222005|0
20000212|en|Mr Jones|John| Doe|15102001|Bulletin #549|Message 49|2132|C.Cxx.|No|10052002|12312004|1
20000204|en|Mr Jones|John| Doe|15042001|Bulletin #550|Message 50|212|C.C.|No|10052002|12312004|1
20000204|en|Mr Jones|John| Doe|15042001|Bulletin #551|Message 51|212|C.C.|No|10052002|12312004|1
20000205|fr|Mrs Jones|Jane| Doe|16042001|Bulletin #552|Message 52|234|T.I.|Yes|12032001|10222005|0
20000206|es|Mr Jones|John| Doe|15042001|Bulletin #553|Message 53|2|C.CA|No|10052002|12312004|1
20000207|ar|Mrs Jones|Jane| Doe|16052001|Bulletin #554|Message 54|34|T.IDD.|Yes|12032001|10222005|0
20000208|en|Mr Jones|John| Doe|15062001|Bulletin #555|Message 55|22|C.CDE|No|10052002|12312004|1
20000209|fr|Mrs Jones|Jane| Doe|16072001|Bulletin #556|Message 56|4|T.IFFSD..|Yes|12032001|10222005|0
20000210|en|Mr Jones|John| Doe|15082001|Bulletin #557|Message 57|2|C.CCC.|No|10052002|12312004|1
20000211|fr|Mrs Jones|Jane| Doe|16092001|Bulletin #558|Message 58|334|T.X.|Yes|12032001|10222005|0
20000212|en|Mr Jones|John| Doe|15102001|Bulletin #559|Message 59|2132|C.Cxx.|No|10052002|12312004|1
20000204|en|Mr Jones|John| Doe|15042001|Bulletin #560|Message 60|212|C.C.|No|10052002|12312004|1
20000204|en|Mr Jones|John| Doe|15042001|Bulletin #561|Message 61|212|C.C.|No|10052002|12312004|1
20000205|fr|Mrs Jones|Jane| Doe|16042001|Bulletin #562|Message 62|234|T.I.|Yes|12032001|10222005|0
20000206|es|Mr Jones|John| Doe|15042001|Bulletin #563|Message 63|2|C.CA|No|10052002|12312004|1
20000207|ar|Mrs Jones|Jane| Doe|16052001|Bulletin #564|Message 64|34|T.IDD.|Yes|12032001|10222005|0
20000208|en|Mr Jones|John| Doe|15062001|Bulletin #565|Message 65|22|C.CDE|No|10052002|12312004|1
20000209|fr|Mrs Jones|Jane| Doe|16072001|Bulletin #566|Message 66|4|T.IFFSD..|Yes|12032001|10222005|0
20000210|en|Mr Jones|John| Doe|15082001|Bulletin #567|Message 67|2|C.CCC.|No|10052002|12312004|1
20000211|fr|Mrs Jones|Jane| Doe|16092001|Bulletin #568|Message 68|334|T.X.|Yes|12032001|10222005|0
20000212|en|Mr Jones|John| Doe|15102001|Bulletin #569|Message 69|2132|C.Cxx.|No|10052002|12312004|1
20000204|en|Mr Jones|John| Doe|15042001|Bulletin #570|Message 70|212|C.C.|No|10052002|12312004|1
20000204|en|Mr Jones|John| Doe|15042001|Bulletin #571|Message 71|212|C.C.|No|10052002|12312004|1
20000205|fr|Mrs Jones|Jane| Doe|16042001|Bulletin #572|Message 72|234|T.I.|Yes|12032001|10222005|0
20000206|es|Mr Jones|John| Doe|15042001|Bulletin #573|Message 73|2|C.CA|No|10052002|12312004|1
20000207|ar|Mrs Jones|Jane| Doe|16052001|Bulletin #574|Message 74|34|T.IDD.|Yes|12032001|10222005|0
20000208|en|Mr Jones|John| Doe|15062001|Bulletin #575|Message 75|22|C.CDE|No|10052002|12312004|1
20000209|fr|Mrs Jones|Jane| Doe|16072001|Bulletin #576|Message 76|4|T.IFFSD..|Yes|12032001|10222005|0
20000210|en|Mr Jones|John| Doe|15082001|Bulletin #577|Message 77|2|C.CCC.|No|10052002|12312004|1
20000211|fr|Mrs Jones|Jane| Doe|16092001|Bulletin #578|Message 78|334|T.X.|Yes|12032001|10222005|0
20000212|en|Mr Jones|John| Doe|15102001|Bulletin #579|Message 79|2132|C.Cxx.|No|10052002|12312004|1
20000204|en|Mr Jones|John| Doe|15042001|Bulletin #580|Message 80|212|C.C.|No|10052002|12312004|1
20000204|en|Mr Jones|John| Doe|15042001|Bulletin #581|Message 81|212|C.C.|No|10052002|12312004|1
20000205|fr|Mrs Jones|Jane| Doe|16042001|Bulletin #582|Message 82|234|T.I.|Yes|12032001|10222005|0
20000206|es|Mr Jones|John| Doe|15042001|Bulletin #583|Message 83|2|C.CA|No|10052002|12312004|1
20000207|ar|Mrs Jones|Jane| Doe|16052001|Bulletin #584|Message 84|34|T.IDD.|Yes|12032001|10222005|0
20000208|en|Mr Jones|John| Doe|15062001|Bulletin #585|Message 85|22|C.CDE|No|10052002|12312004|1
20000209|fr|Mrs Jones|Jane| Doe|16072001|Bulletin #586|Message 86|4|T.IFFSD..|Yes|12032001|10222005|0
20000210|en|Mr Jones|John| Doe|15082001|Bulletin #587|Message 87|2|C.CCC.|No|10052002|12312004|1
20000211|fr|Mrs Jones|Jane| Doe|16092001|Bulletin #588|Message 88|334|T.X.|Yes|12032001|10222005|0
20000212|en|Mr Jones|John| Doe|15102001|Bulletin #589|Message 89|2132|C.Cxx.|No|10052002|12312004|1
20000204|en|Mr Jones|John| Doe|15042001|Bulletin #590|Message 90|212|C.C.|No|10052002|12312004|1
20000204|en|Mr Jones|John| Doe|15042001|Bulletin #591|Message 91|212|C.C.|No|10052002|12312004|1
20000205|fr|Mrs Jones|Jane| Doe|16042001|Bulletin #592|Message 92|234|T.I.|Yes|12032001|10222005|0
20000206|es|Mr Jones|John| Doe|15042001|Bulletin #593|Message 93|2|C.CA|No|10052002|12312004|1
20000207|ar|Mrs Jones|Jane| Doe|16052001|Bulletin #594|Message 94|34|T.IDD.|Yes|12032001|10222005|0
20000208|en|Mr Jones|John| Doe|15062001|Bulletin #595|Message 95|22|C.CDE|No|10052002|12312004|1
20000209|fr|Mrs Jones|Jane| Doe|16072001|Bulletin #596|Message 96|4|T.IFFSD..|Yes|12032001|10222005|0
20000210|en|Mr Jones|John| Doe|15082001|Bulletin #597|Message 97|2|C.CCC.|No|10052002|12312004|1
20000211|fr|Mrs Jones|Jane| Doe|16092001|Bulletin #598|Message 98|334|T.X.|Yes|12032001|10222005|0
20000212|en|Mr Jones|John| Doe|15102001|Bulletin #599|Message 99|2132|C.Cxx.|No|10052002|12312004|1
20000204|en|Mr Jones|John| Doe|15042001|Bulletin #600|Message 0|212|C.C.|No|10052002|12312004|1
20000204|en|Mr Jones|John| Doe|15042001|Bulletin #601|Message 1|212|C.C.|No|10052002|12312004|1
20000205|fr|Mrs Jones|Jane| Doe|16042001|Bulletin #602|Message 2|234|T.I.|Yes|12032001|10222005|0
20000206|es|Mr Jones|John| Doe|15042001|Bulletin #603|Message 3|2|C.CA|No|10052002|12312004|1
20000207|ar|Mrs Jones|Jane| Doe|16052001|Bulletin #604|Message 4|34|T.IDD.|Yes|12032001|10222005|0
20000208|en|Mr Jones|John| Doe|15062001|Bulletin #605|Message 5|22|C.CDE|No|10052002|12312004|1
20000209|fr|Mrs Jones|Jane| Doe|16072001|Bulletin #606|Message 6|4|T.IFFSD..|Yes|12032001|10222005|0
20000210|en|Mr Jones|John| Doe|15082001|Bulletin #607|Message 7|2|C.CCC.|No|10052002|12312004|1
20000211|fr|Mrs Jones|Jane| Doe|16092001|Bulletin #608|Message 8|334|T.X.|Yes|12032001|10222005|0
20000212|en|Mr Jones|John| Doe|15102001|Bulletin #609|Message 9|2132|C.Cxx.|No|10052002|12312004|1
20000204|en|Mr Jones|John| Doe|15042001|Bulletin #610|Message 10|212|C.C.|No|10052002|12312004|1
20000204|en|Mr Jones|John| Doe|15042001|Bulletin #611|Message 11|212|C.C.|No|10052002|12312004|1
20000205|fr|Mrs Jones|Jane| Doe|16042001|Bulletin #612|Message 12|234|T.I.|Yes|12032001|10222005|0
20000206|es|Mr Jones|John| Doe|15042001|Bulletin #613|Message 13|2|C.CA|No|10052002|12312004|1
20000207|ar|Mrs Jones|Jane| Doe|16052001|Bulletin #614|Message 14|34|T.IDD.|Yes|12032001|10222005|0
20000208|en|Mr Jones|John| Doe|15062001|Bulletin #615|Message 15|22|C.CDE|No|10052002|12312004|1
20000209|fr|Mrs Jones|Jane| Doe|16072001|Bulletin #616|Message 16|4|T.IFFSD..|Yes|12032001|10222005|0
20000210|en|Mr Jones|John| Doe|15082001|Bulletin #617|Message 17|2|C.CCC.|No|10052002|12312004|1
20000211|fr|Mrs Jones|Jane| Doe|16092001|Bulletin #618|Message 18|334|T.X.|Yes|12032001|10222005|0
20000212|en|Mr Jones|John| Doe|15102001|Bulletin #619|Message 19|2132|C.Cxx.|No|10052002|12312004|1
20000204|en|Mr Jones|John| Doe|15042001|Bulletin #620|Message 20|212|C.C.|No|10052002|12312004|1
20000204|en|Mr Jones|John| Doe|15042001|Bulletin #621|Message 21|212|C.C.|No|10052002|12312004|1
20000205|fr|Mrs Jones|Jane| Doe|16042001|Bulletin #622|Message 22|234|T.I.|Yes|12032001|10222005|0
20000206|es|Mr Jones|John| Doe|15042001|Bulletin #623|Message 23|2|C.CA|No|10052002|12312004|1
20000207|ar|Mrs Jones|Jane| Doe|16052001|Bulletin #624|Message 24|34|T.IDD.|Yes|12032001|10222005|0
20000208|en|Mr Jones|John| Doe|15062001|Bulletin #625|Message 25|22|C.CDE|No|10052002|12312004|1
20000209|fr|Mrs Jones|Jane| Doe|16072001|Bulletin #626|Message 26|4|T.IFFSD..|Yes|12032001|10222005|0
20000210|en|Mr Jones|John| Doe|15082001|Bulletin #627|Message 27|2|C.CCC.|No|10052002|12312004|1
20000211|fr|Mrs Jones|Jane| Doe|16092001|Bulletin #628|Message 28|334|T.X.|Yes|12032001|10222005|0
20000212|en|Mr Jones|John| Doe|15102001|Bulletin #629|Message 29|2132|C.Cxx.|No|10052002|12312004|1
20000204|en|Mr Jones|John| Doe|15042001|Bulletin #630|Message 30|212|C.C.|No|10052002|12312004|1
20000204|en|Mr Jones|John| Doe|15042001|Bulletin #631|Message 31|212|C.C.|No|10052002|12312004|1
20000205|fr|Mrs Jones|Jane| Doe|16042001|Bulletin #632|Message 32|234|T.I.|Yes|12032001|10222005|0
20000206|es|Mr Jones|John| Doe|15042001|Bulletin #633|Message 33|2|C.CA|No|10052002|12312004|1
20000207|ar|Mrs Jones|Jane| Doe|16052001|Bulletin #634|Message 34|34|T.IDD.|Yes|12032001|10222005|0
20000208|en|Mr Jones|John| Doe|15062001|Bulletin #635|Message 35|22|C.CDE|No|10052002|12312004|1
20000209|fr|Mrs Jones|Jane| Doe|16072001|Bulletin #636|Message 36|4|T.IFFSD..|Yes|12032001|10222005|0
20000210|en|Mr Jones|John| Doe|15082001|Bulletin #637|Message 37|2|C.CCC.|No|10052002|12312004|1
20000211|fr|Mrs Jones|Jane| Doe|16092001|Bulletin #638|Message 38|334|T.X.|Yes|12032001|10222005|0
20000212|en|Mr Jones|John| Doe|15102001|Bulletin #639|Message 39|2132|C.Cxx.|No|10052002|12312004|1
20000204|en|Mr Jones|John| Doe|15042001|Bulletin #640|Message 40|212|C.C.|No|10052002|12312004|1
20000204|en|Mr Jones|John| Doe|15042001|Bulletin #641|Message 41|212|C.C.|No|10052002|12312004|1
20000205|fr|Mrs Jones|Jane| Doe|16042001|Bulletin #642|Message 42|234|T.I.|Yes|12032001|10222005|0
20000206|es|Mr Jones|John| Doe|15042001|Bulletin #643|Message 43|2|C.CA|No|10052002|12312004|1
20000207|ar|Mrs Jones|Jane| Doe|16052001|Bulletin #644|Message 44|34|T.IDD.|Yes|12032001|10222005|0
20000208|en|Mr Jones|John| Doe|15062001|Bulletin #645|Message 45|22|C.CDE|No|10052002|12312004|1
20000209|fr|Mrs Jones|Jane| Doe|16072001|Bulletin #646|Message 46|4|T.IFFSD..|Yes|12032001|10222005|0
20000210|en|Mr Jones|John| Doe|15082001|Bulletin #647|Message 47|2|C.CCC.|No|10052002|12312004|1
20000211|fr|Mrs Jones|Jane| Doe|16092001|Bulletin #648|Message 48|334|T.X.|Yes|12032001|10222005|0
20000212|en|Mr Jones|John| Doe|15102001|Bulletin #649|Message 49|2132|C.Cxx.|No|10052002|12312004|1
20000204|en|Mr Jones|John| Doe|15042001|Bulletin #650|Message 50|212|C.C.|No|10052002|12312004|1
20000204|en|Mr Jones|John| Doe|15042001|Bulletin #651|Message 51|212|C.C.|No|10052002|12312004|1
20000205|fr|Mrs Jones|Jane| Doe|16042001|Bulletin #652|Message 52|234|T.I.|Yes|12032001|10222005|0
20000206|es|Mr Jones|John| Doe|15042001|Bulletin #653|Message 53|2|C.CA|No|10052002|12312004|1
20000207|ar|Mrs Jones|Jane| Doe|16052001|Bulletin #654|Message 54|34|T.IDD.|Yes|12032001|10222005|0
20000208|en|Mr Jones|John| Doe|15062001|Bulletin #655|Message 55|22|C.CDE|No|10052002|12312004|1
20000209|fr|Mrs Jones|Jane| Doe|16072001|Bulletin #656|Message 56|4|T.IFFSD..|Yes|12032001|10222005|0
20000210|en|Mr Jones|John| Doe|15082001|Bulletin #657|Message 57|2|C.CCC.|No|10052002|12312004|1
20000211|fr|Mrs Jones|Jane| Doe|16092001|Bulletin #658|Message 58|334|T.X.|Yes|12032001|10222005|0
20000212|en|Mr Jones|John| Doe|15102001|Bulletin #659|Message 59|2132|C.Cxx.|No|10052002|12312004|1
20000204|en|Mr Jones|John| Doe|15042001|Bulletin #660|Message 60|212|C.C.|No|10052002|12312004|1
20000204|en|Mr Jones|John| Doe|15042001|Bulletin #661|Message 61|212|C.C.|No|10052002|12312004|1
20000205|fr|Mrs Jones|Jane| Doe|16042001|Bulletin #662|Message 62|234|T.I.|Yes|12032001|10222005|0
20000206|es|Mr Jones|John| Doe|15042001|Bulletin #663|Message 63|2|C.CA|No|10052002|12312004|1
20000207|ar|Mrs Jones|Jane| Doe|16052001|Bulletin #664|Message 64|34|T.IDD.|Yes|12032001|10222005|0
20000208|en|Mr Jones|John| Doe|15062001|Bulletin #665|Message 65|22|C.CDE|No|10052002|12312004|1
20000209|fr|Mrs Jones|Jane| Doe|16072001|Bulletin #666|Message 66|4|T.IFFSD..|Yes|12032001|10222005|0
20000210|en|Mr Jones|John| Doe|15082001|Bulletin #667|Message 67|2|C.CCC.|No|10052002|12312004|1
20000211|fr|Mrs Jones|Jane| Doe|16092001|Bulletin #668|Message 68|334|T.X.|Yes|12032001|10222005|0
20000212|en|Mr Jones|John| Doe|15102001|Bulletin #669|Message 69|2132|C.Cxx.|No|10052002|12312004|1
20000204|en|Mr Jones|John| Doe|15042001|Bulletin #670|Message 70|212|C.C.|No|10052002|12312004|1
20000204|en|Mr Jones|John| Doe|15042001|Bulletin #671|Message 71|212|C.C.|No|10052002|12312004|1
20000205|fr|Mrs Jones|Jane| Doe|16042001|Bulletin #672|Message 72|234|T.I.|Yes|12032001|10222005|0
20000206|es|Mr Jones|John| Doe|15042001|Bulletin #673|Message 73|2|C.CA|No|10052002|12312004|1
20000207|ar|Mrs Jones|Jane| Doe|16052001|Bulletin #674|Message 74|34|T.IDD.|Yes|12032001|10222005|0
20000208|en|Mr Jones|John| Doe|15062001|Bulletin #675|Message 75|22|C.CDE|No|10052002|12312004|1
20000209|fr|Mrs Jones|Jane| Doe|16072001|Bulletin #676|Message 76|4|T.IFFSD..|Yes|12032001|10222005|0
20000210|en|Mr Jones|John| Doe|15082001|Bulletin #677|Message 77|2|C.CCC.|No|10052002|12312004|1
20000211|fr|Mrs Jones|Jane| Doe|16092001|Bulletin #678|Message 78|334|T.X.|Yes|12032001|10222005|0
20000212|en|Mr Jones|John| Doe|15102001|Bulletin #679|Message 79|2132|C.Cxx.|No|10052002|12312004|1
20000204|en|Mr Jones|John| Doe|15042001|Bulletin #680|Message 80|212|C.C.|No|10052002|12312004|1
20000204|en|Mr Jones|John| Doe|15042001|Bulletin #681|Message 81|212|C.C.|No|10052002|12312004|1
20000205|fr|Mrs Jones|Jane| Doe|16042001|Bulletin #682|Message 82|234|T.I.|Yes|12032001|10222005|0
20000206|es|Mr Jones|John| Doe|15042001|Bulletin #683|Message 83|2|C.CA|No|10052002|12312004|1
20000207|ar|Mrs Jones|Jane| Doe|16052001|Bulletin #684|Message 84|34|T.IDD.|Yes|12032001|10222005|0
20000208|en|Mr Jones|John| Doe|15062001|Bulletin #685|Message 85|22|C.CDE|No|10052002|12312004|1
20000209|fr|Mrs Jones|Jane| Doe|16072001|Bulletin #686|Message 86|4|T.IFFSD..|Yes|12032001|10222005|0
20000210|en|Mr Jones|John| Doe|15082001|Bulletin #687|Message 87|2|C.CCC.|No|10052002|12312004|1
20000211|fr|Mrs Jones|Jane| Doe|16092001|Bulletin #688|Message 88|334|T.X.|Yes|12032001|10222005|0
20000212|en|Mr Jones|John| Doe|15102001|Bulletin #689|Message 89|2132|C.Cxx.|No|10052002|12312004|1
20000204|en|Mr Jones|John| Doe|15042001|Bulletin #690|Message 90|212|C.C.|No|10052002|12312004|1
20000204|en|Mr Jones|John| Doe|15042001|Bulletin #691|Message 91|212|C.C.|No|10052002|12312004|1
20000205|fr|Mrs Jones|Jane| Doe|16042001|Bulletin #692|Message 92|234|T.I.|Yes|12032001|10222005|0
20000206|es|Mr Jones|John| Doe|15042001|Bulletin #693|Message 93|2|C.CA|No|10052002|12312004|1
20000207|ar|Mrs Jones|Jane| Doe|16052001|Bulletin #694|Message 94|34|T.IDD.|Yes|12032001|10222005|0
20000208|en|Mr Jones|John| Doe|15062001|Bulletin #695|Message 95|22|C.CDE|No|10052002|12312004|1
20000209|fr|Mrs Jones|Jane| Doe|16072001|Bulletin #696|Message 96|4|T.IFFSD..|Yes|12032001|10222005|0
20000210|en|Mr Jones|John| Doe|15082001|Bulletin #697|Message 97|2|C.CCC.|No|10052002|12312004|1
20000211|fr|Mrs Jones|Jane| Doe|16092001|Bulletin #698|Message 98|334|T.X.|Yes|12032001|10222005|0
20000212|en|Mr Jones|John| Doe|15102001|Bulletin #699|Message 99|2132|C.Cxx.|No|10052002|12312004|1
20000204|en|Mr Jones|John| Doe|15042001|Bulletin #700|Message 0|212|C.C.|No|10052002|12312004|1
20000204|en|Mr Jones|John| Doe|15042001|Bulletin #701|Message 1|212|C.C.|No|10052002|12312004|1
20000205|fr|Mrs Jones|Jane| Doe|16042001|Bulletin #702|Message 2|234|T.I.|Yes|12032001|10222005|0
20000206|es|Mr Jones|John| Doe|15042001|Bulletin #703|Message 3|2|C.CA|No|10052002|12312004|1
20000207|ar|Mrs Jones|Jane| Doe|16052001|Bulletin #704|Message 4|34|T.IDD.|Yes|12032001|10222005|0
20000208|en|Mr Jones|John| Doe|15062001|Bulletin #705|Message 5|22|C.CDE|No|10052002|12312004|1
20000209|fr|Mrs Jones|Jane| Doe|16072001|Bulletin #706|Message 6|4|T.IFFSD..|Yes|12032001|10222005|0
20000210|en|Mr Jones|John| Doe|15082001|Bulletin #707|Message 7|2|C.CCC.|No|10052002|12312004|1
20000211|fr|Mrs Jones|Jane| Doe|16092001|Bulletin #708|Message 8|334|T.X.|Yes|12032001|10222005|0
20000212|en|Mr Jones|John| Doe|15102001|Bulletin #709|Message 9|2132|C.Cxx.|No|10052002|12312004|1
20000204|en|Mr Jones|John| Doe|15042001|Bulletin #710|Message 10|212|C.C.|No|10052002|12312004|1
20000204|en|Mr Jones|John| Doe|15042001|Bulletin #711|Message 11|212|C.C.|No|10052002|12312004|1
20000205|fr|Mrs Jones|Jane| Doe|16042001|Bulletin #712|Message 12|234|T.I.|Yes|12032001|10222005|0
20000206|es|Mr Jones|John| Doe|15042001|Bulletin #713|Message 13|2|C.CA|No|10052002|12312004|1
20000207|ar|Mrs Jones|Jane| Doe|16052001|Bulletin #714|Message 14|34|T.IDD.|Yes|12032001|10222005|0
20000208|en|Mr Jones|John| Doe|15062001|Bulletin #715|Message 15|22|C.CDE|No|10052002|12312004|1
20000209|fr|Mrs Jones|Jane| Doe|16072001|Bulletin #716|Message 16|4|T.IFFSD..|Yes|12032001|10222005|0
20000210|en|Mr Jones|John| Doe|15082001|Bulletin #717|Message 17|2|C.CCC.|No|10052002|12312004|1
20000211|fr|Mrs Jones|Jane| Doe|16092001|Bulletin #718|Message 18|334|T.X.|Yes|12032001|10222005|0
20000212|en|Mr Jones|John| Doe|15102001|Bulletin #719|Message 19|2132|C.Cxx.|No|10052002|12312004|1
20000204|en|Mr Jones|John| Doe|15042001|Bulletin #720|Message 20|212|C.C.|No|10052002|12312004|1
20000204|en|Mr Jones|John| Doe|15042001|Bulletin #721|Message 21|212|C.C.|No|10052002|12312004|1
20000205|fr|Mrs Jones|Jane| Doe|16042001|Bulletin #722|Message 22|234|T.I.|Yes|12032001|10222005|0
20000206|es|Mr Jones|John| Doe|15042001|Bulletin #723|Message 23|2|C.CA|No|10052002|12312004|1
20000207|ar|Mrs Jones|Jane| Doe|16052001|Bulletin #724|Message 24|34|T.IDD.|Yes|12032001|10222005|0
20000208|en|Mr Jones|John| Doe|15062001|Bulletin #725|Message 25|22|C.CDE|No|10052002|12312004|1
20000209|fr|Mrs Jones|Jane| Doe|16072001|Bulletin #726|Message 26|4|T.IFFSD..|Yes|12032001|10222005|0
20000210|en|Mr Jones|John| Doe|15082001|Bulletin #727|Message 27|2|C.CCC.|No|10052002|12312004|1
20000211|fr|Mrs Jones|Jane| Doe|16092001|Bulletin #728|Message 28|334|T.X.|Yes|12032001|10222005|0
20000212|en|Mr Jones|John| Doe|15102001|Bulletin #729|Message 29|2132|C.Cxx.|No|10052002|12312004|1
20000204|en|Mr Jones|John| Doe|15042001|Bulletin #730|Message 30|212|C.C.|No|10052002|12312004|1
20000204|en|Mr Jones|John| Doe|15042001|Bulletin #731|Message 31|212|C.C.|No|10052002|12312004|1
20000205|fr|Mrs Jones|Jane| Doe|16042001|Bulletin #732|Message 32|234|T.I.|Yes|12032001|10222005|0
20000206|es|Mr Jones|John| Doe|15042001|Bulletin #733|Message 33|2|C.CA|No|10052002|12312004|1
20000207|ar|Mrs Jones|Jane| Doe|16052001|Bulletin #734|Message 34|34|T.IDD.|Yes|12032001|10222005|0
20000208|en|Mr Jones|John| Doe|15062001|Bulletin #735|Message 35|22|C.CDE|No|10052002|12312004|1
20000209|fr|Mrs Jones|Jane| Doe|16072001|Bulletin #736|Message 36|4|T.IFFSD..|Yes|12032001|10222005|0
20000210|en|Mr Jones|John| Doe|15082001|Bulletin #737|Message 37|2|C.CCC.|No|10052002|12312004|1
20000211|fr|Mrs Jones|Jane| Doe|16092001|Bulletin #738|Message 38|334|T.X.|Yes|12032001|10222005|0
20000212|en|Mr Jones|John| Doe|15102001|Bulletin #739|Message 39|2132|C.Cxx.|No|10052002|12312004|1
20000204|en|Mr Jones|John| Doe|15042001|Bulletin #740|Message 40|212|C.C.|No|10052002|12312004|1
20000204|en|Mr Jones|John| Doe|15042001|Bulletin #741|Message 41|212|C.C.|No|10052002|12312004|1
20000205|fr|Mrs Jones|Jane| Doe|16042001|Bulletin #742|Message 42|234|T.I.|Yes|12032001|10222005|0
20000206|es|Mr Jones|John| Doe|15042001|Bulletin #743|Message 43|2|C.CA|No|10052002|12312004|1
20000207|ar|Mrs Jones|Jane| Doe|16052001|Bulletin #744|Message 44|34|T.IDD.|Yes|12032001|10222005|0
20000208|en|Mr Jones|John| Doe|15062001|Bulletin #745|Message 45|22|C.CDE|No|10052002|12312004|1
20000209|fr|Mrs Jones|Jane| Doe|16072001|Bulletin #746|Message 46|4|T.IFFSD..|Yes|12032001|10222005|0
20000210|en|Mr Jones|John| Doe|15082001|Bulletin #747|Message 47|2|C.CCC.|No|10052002|12312004|1
20000211|fr|Mrs Jones|Jane| Doe|16092001|Bulletin #748|Message 48|334|T.X.|Yes|12032001|10222005|0
20000212|en|Mr Jones|John| Doe|15102001|Bulletin #749|Message 49|2132|C.Cxx.|No|10052002|12312004|1
20000204|en|Mr Jones|John| Doe|15042001|Bulletin #750|Message 50|212|C.C.|No|10052002|12312004|1
20000204|en|Mr Jones|John| Doe|15042001|Bulletin #751|Message 51|212|C.C.|No|10052002|12312004|1
20000205|fr|Mrs Jones|Jane| Doe|16042001|Bulletin #752|Message 52|234|T.I.|Yes|12032001|10222005|0
20000206|es|Mr Jones|John| Doe|15042001|Bulletin #753|Message 53|2|C.CA|No|10052002|12312004|1
20000207|ar|Mrs Jones|Jane| Doe|16052001|Bulletin #754|Message 54|34|T.IDD.|Yes|12032001|10222005|0
20000208|en|Mr Jones|John| Doe|15062001|Bulletin #755|Message 55|22|C.CDE|No|10052002|12312004|1
20000209|fr|Mrs Jones|Jane| Doe|16072001|Bulletin #756|Message 56|4|T.IFFSD..|Yes|12032001|10222005|0
20000210|en|Mr Jones|John| Doe|15082001|Bulletin #757|Message 57|2|C.CCC.|No|10052002|12312004|1
20000211|fr|Mrs Jones|Jane| Doe|16092001|Bulletin #758|Message 58|334|T.X.|Yes|12032001|10222005|0
20000212|en|Mr Jones|John| Doe|15102001|Bulletin #759|Message 59|2132|C.Cxx.|No|10052002|12312004|1
20000204|en|Mr Jones|John| Doe|15042001|Bulletin #760|Message 60|212|C.C.|No|10052002|12312004|1
20000204|en|Mr Jones|John| Doe|15042001|Bulletin #761|Message 61|212|C.C.|No|10052002|12312004|1
20000205|fr|Mrs Jones|Jane| Doe|16042001|Bulletin #762|Message 62|234|T.I.|Yes|12032001|10222005|0
20000206|es|Mr Jones|John| Doe|15042001|Bulletin #763|Message 63|2|C.CA|No|10052002|12312004|1
20000207|ar|Mrs Jones|Jane| Doe|16052001|Bulletin #764|Message 64|34|T.IDD.|Yes|12032001|10222005|0
20000208|en|Mr Jones|John| Doe|15062001|Bulletin #765|Message 65|22|C.CDE|No|10052002|12312004|1
20000209|fr|Mrs Jones|Jane| Doe|16072001|Bulletin #766|Message 66|4|T.IFFSD..|Yes|12032001|10222005|0
20000210|en|Mr Jones|John| Doe|15082001|Bulletin #767|Message 67|2|C.CCC.|No|10052002|12312004|1
20000211|fr|Mrs Jones|Jane| Doe|16092001|Bulletin #768|Message 68|334|T.X.|Yes|12032001|10222005|0
20000212|en|Mr Jones|John| Doe|15102001|Bulletin #769|Message 69|2132|C.Cxx.|No|10052002|12312004|1
20000204|en|Mr Jones|John| Doe|15042001|Bulletin #770|Message 70|212|C.C.|No|10052002|12312004|1
20000204|en|Mr Jones|John| Doe|15042001|Bulletin #771|Message 71|212|C.C.|No|10052002|12312004|1
20000205|fr|Mrs Jones|Jane| Doe|16042001|Bulletin #772|Message 72|234|T.I.|Yes|12032001|10222005|0
20000206|es|Mr Jones|John| Doe|15042001|Bulletin #773|Message 73|2|C.CA|No|10052002|12312004|1
20000207|ar|Mrs Jones|Jane| Doe|16052001|Bulletin #774|Message 74|34|T.IDD.|Yes|12032001|10222005|0
20000208|en|Mr Jones|John| Doe|15062001|Bulletin #775|Message 75|22|C.CDE|No|10052002|12312004|1
20000209|fr|Mrs Jones|Jane| Doe|16072001|Bulletin #776|Message 76|4|T.IFFSD..|Yes|12032001|10222005|0
20000210|en|Mr Jones|John| Doe|15082001|Bulletin #777|Message 77|2|C.CCC.|No|10052002|12312004|1
20000211|fr|Mrs Jones|Jane| Doe|16092001|Bulletin #778|Message 78|334|T.X.|Yes|12032001|10222005|0
20000212|en|Mr Jones|John| Doe|15102001|Bulletin #779|Message 79|2132|C.Cxx.|No|10052002|12312004|1
20000204|en|Mr Jones|John| Doe|15042001|Bulletin #780|Message 80|212|C.C.|No|10052002|12312004|1
20000204|en|Mr Jones|John| Doe|15042001|Bulletin #781|Message 81|212|C.C.|No|10052002|12312004|1
20000205|fr|Mrs Jones|Jane| Doe|16042001|Bulletin #782|Message 82|234|T.I.|Yes|12032001|10222005|0
20000206|es|Mr Jones|John| Doe|15042001|Bulletin #783|Message 83|2|C.CA|No|10052002|12312004|1
20000207|ar|Mrs Jones|Jane| Doe|16052001|Bulletin #784|Message 84|34|T.IDD.|Yes|12032001|10222005|0
20000208|en|Mr Jones|John| Doe|15062001|Bulletin #785|Message 85|22|C.CDE|No|10052002|12312004|1
20000209|fr|Mrs Jones|Jane| Doe|16072001|Bulletin #786|Message 86|4|T.IFFSD..|Yes|12032001|10222005|0
20000210|en|Mr Jones|John| Doe|15082001|Bulletin #787|Message 87|2|C.CCC.|No|10052002|12312004|1
20000211|fr|Mrs Jones|Jane| Doe|16092001|Bulletin #788|Message 88|334|T.X.|Yes|12032001|10222005|0
20000212|en|Mr Jones|John| Doe|15102001|Bulletin #789|Message 89|2132|C.Cxx.|No|10052002|12312004|1
20000204|en|Mr Jones|John| Doe|15042001|Bulletin #790|Message 90|212|C.C.|No|10052002|12312004|1
20000204|en|Mr Jones|John| Doe|15042001|Bulletin #791|Message 91|212|C.C.|No|10052002|12312004|1
20000205|fr|Mrs Jones|Jane| Doe|16042001|Bulletin #792|Message 92|234|T.I.|Yes|12032001|10222005|0
20000206|es|Mr Jones|John| Doe|15042001|Bulletin #793|Message 93|2|C.CA|No|10052002|12312004|1
20000207|ar|Mrs Jones|Jane| Doe|16052001|Bulletin #794|Message 94|34|T.IDD.|Yes|12032001|10222005|0
20000208|en|Mr Jones|John| Doe|15062001|Bulletin #795|Message 95|22|C.CDE|No|10052002|12312004|1
20000209|fr|Mrs Jones|Jane| Doe|16072001|Bulletin #796|Message 96|4|T.IFFSD..|Yes|12032001|10222005|0
20000210|en|Mr Jones|John| Doe|15082001|Bulletin #797|Message 97|2|C.CCC.|No|10052002|12312004|1
20000211|fr|Mrs Jones|Jane| Doe|16092001|Bulletin #798|Message 98|334|T.X.|Yes|12032001|10222005|0
20000212|en|Mr Jones|John| Doe|15102001|Bulletin #799|Message 99|2132|C.Cxx.|No|10052002|12312004|1
20000204|en|Mr Jones|John| Doe|15042001|Bulletin #800|Message 0|212|C.C.|No|10052002|12312004|1
20000204|en|Mr Jones|John| Doe|15042001|Bulletin #801|Message 1|212|C.C.|No|10052002|12312004|1
20000205|fr|Mrs Jones|Jane| Doe|16042001|Bulletin #802|Message 2|234|T.I.|Yes|12032001|10222005|0
20000206|es|Mr Jones|John| Doe|15042001|Bulletin #803|Message 3|2|C.CA|No|10052002|12312004|1
20000207|ar|Mrs Jones|Jane| Doe|16052001|Bulletin #804|Message 4|34|T.IDD.|Yes|12032001|10222005|0
20000208|en|Mr Jones|John| Doe|15062001|Bulletin #805|Message 5|22|C.CDE|No|10052002|12312004|1
20000209|fr|Mrs Jones|Jane| Doe|16072001|Bulletin #806|Message 6|4|T.IFFSD..|Yes|12032001|10222005|0
20000210|en|Mr Jones|John| Doe|15082001|Bulletin #807|Message 7|2|C.CCC.|No|10052002|12312004|1
20000211|fr|Mrs Jones|Jane| Doe|16092001|Bulletin #808|Message 8|334|T.X.|Yes|12032001|10222005|0
20000212|en|Mr Jones|John| Doe|15102001|Bulletin #809|Message 9|2132|C.Cxx.|No|10052002|12312004|1
20000204|en|Mr Jones|John| Doe|15042001|Bulletin #810|Message 10|212|C.C.|No|10052002|12312004|1
20000204|en|Mr Jones|John| Doe|15042001|Bulletin #811|Message 11|212|C.C.|No|10052002|12312004|1
20000205|fr|Mrs Jones|Jane| Doe|16042001|Bulletin #812|Message 12|234|T.I.|Yes|12032001|10222005|0
20000206|es|Mr Jones|John| Doe|15042001|Bulletin #813|Message 13|2|C.CA|No|10052002|12312004|1
20000207|ar|Mrs Jones|Jane| Doe|16052001|Bulletin #814|Message 14|34|T.IDD.|Yes|12032001|10222005|0
20000208|en|Mr Jones|John| Doe|15062001|Bulletin #815|Message 15|22|C.CDE|No|10052002|12312004|1
20000209|fr|Mrs Jones|Jane| Doe|16072001|Bulletin #816|Message 16|4|T.IFFSD..|Yes|12032001|10222005|0
20000210|en|Mr Jones|John| Doe|15082001|Bulletin #817|Message 17|2|C.CCC.|No|10052002|12312004|1
20000211|fr|Mrs Jones|Jane| Doe|16092001|Bulletin #818|Message 18|334|T.X.|Yes|12032001|10222005|0
20000212|en|Mr Jones|John| Doe|15102001|Bulletin #819|Message 19|2132|C.Cxx.|No|10052002|12312004|1
20000204|en|Mr Jones|John| Doe|15042001|Bulletin #820|Message 20|212|C.C.|No|10052002|12312004|1
20000204|en|Mr Jones|John| Doe|15042001|Bulletin #821|Message 21|212|C.C.|No|10052002|12312004|1
20000205|fr|Mrs Jones|Jane| Doe|16042001|Bulletin #822|Message 22|234|T.I.|Yes|12032001|10222005|0
20000206|es|Mr Jones|John| Doe|15042001|Bulletin #823|Message 23|2|C.CA|No|10052002|12312004|1
20000207|ar|Mrs Jones|Jane| Doe|16052001|Bulletin #824|Message 24|34|T.IDD.|Yes|12032001|10222005|0
20000208|en|Mr Jones|John| Doe|15062001|Bulletin #825|Message 25|22|C.CDE|No|10052002|12312004|1
20000209|fr|Mrs Jones|Jane| Doe|16072001|Bulletin #826|Message 26|4|T.IFFSD..|Yes|12032001|10222005|0
20000210|en|Mr Jones|John| Doe|15082001|Bulletin #827|Message 27|2|C.CCC.|No|10052002|12312004|1
20000211|fr|Mrs Jones|Jane| Doe|16092001|Bulletin #828|Message 28|334|T.X.|Yes|12032001|10222005|0
20000212|en|Mr Jones|John| Doe|15102001|Bulletin #829|Message 29|2132|C.Cxx.|No|10052002|12312004|1
20000204|en|Mr Jones|John| Doe|15042001|Bulletin #830|Message 30|212|C.C.|No|10052002|12312004|1
20000204|en|Mr Jones|John| Doe|15042001|Bulletin #831|Message 31|212|C.C.|No|10052002|12312004|1
20000205|fr|Mrs Jones|Jane| Doe|16042001|Bulletin #832|Message 32|234|T.I.|Yes|12032001|10222005|0
20000206|es|Mr Jones|John| Doe|15042001|Bulletin #833|Message 33|2|C.CA|No|10052002|12312004|1
20000207|ar|Mrs Jones|Jane| Doe|16052001|Bulletin #834|Message 34|34|T.IDD.|Yes|12032001|10222005|0
20000208|en|Mr Jones|John| Doe|15062001|Bulletin #835|Message 35|22|C.CDE|No|10052002|12312004|1
20000209|fr|Mrs Jones|Jane| Doe|16072001|Bulletin #836|Message 36|4|T.IFFSD..|Yes|12032001|10222005|0
20000210|en|Mr Jones|John| Doe|15082001|Bulletin #837|Message 37|2|C.CCC.|No|10052002|12312004|1
20000211|fr|Mrs Jones|Jane| Doe|16092001|Bulletin #838|Message 38|334|T.X.|Yes|12032001|10222005|0
20000212|en|Mr Jones|John| Doe|15102001|Bulletin #839|Message 39|2132|C.Cxx.|No|10052002|12312004|1
20000204|en|Mr Jones|John| Doe|15042001|Bulletin #840|Message 40|212|C.C.|No|10052002|12312004|1
20000204|en|Mr Jones|John| Doe|15042001|Bulletin #841|Message 41|212|C.C.|No|10052002|12312004|1
20000205|fr|Mrs Jones|Jane| Doe|16042001|Bulletin #842|Message 42|234|T.I.|Yes|12032001|10222005|0
20000206|es|Mr Jones|John| Doe|15042001|Bulletin #843|Message 43|2|C.CA|No|10052002|12312004|1
20000207|ar|Mrs Jones|Jane| Doe|16052001|Bulletin #844|Message 44|34|T.IDD.|Yes|12032001|10222005|0
20000208|en|Mr Jones|John| Doe|15062001|Bulletin #845|Message 45|22|C.CDE|No|10052002|12312004|1
20000209|fr|Mrs Jones|Jane| Doe|16072001|Bulletin #846|Message 46|4|T.IFFSD..|Yes|12032001|10222005|0
20000210|en|Mr Jones|John| Doe|15082001|Bulletin #847|Message 47|2|C.CCC.|No|10052002|12312004|1
20000211|fr|Mrs Jones|Jane| Doe|16092001|Bulletin #848|Message 48|334|T.X.|Yes|12032001|10222005|0
20000212|en|Mr Jones|John| Doe|15102001|Bulletin #849|Message 49|2132|C.Cxx.|No|10052002|12312004|1
20000204|en|Mr Jones|John| Doe|15042001|Bulletin #850|Message 50|212|C.C.|No|10052002|12312004|1
20000204|en|Mr Jones|John| Doe|15042001|Bulletin #851|Message 51|212|C.C.|No|10052002|12312004|1
20000205|fr|Mrs Jones|Jane| Doe|16042001|Bulletin #852|Message 52|234|T.I.|Yes|12032001|10222005|0
20000206|es|Mr Jones|John| Doe|15042001|Bulletin #853|Message 53|2|C.CA|No|10052002|12312004|1
20000207|ar|Mrs Jones|Jane| Doe|16052001|Bulletin #854|Message 54|34|T.IDD.|Yes|12032001|10222005|0
20000208|en|Mr Jones|John| Doe|15062001|Bulletin #855|Message 55|22|C.CDE|No|10052002|12312004|1
20000209|fr|Mrs Jones|Jane| Doe|16072001|Bulletin #856|Message 56|4|T.IFFSD..|Yes|12032001|10222005|0
20000210|en|Mr Jones|John| Doe|15082001|Bulletin #857|Message 57|2|C.CCC.|No|10052002|12312004|1
20000211|fr|Mrs Jones|Jane| Doe|16092001|Bulletin #858|Message 58|334|T.X.|Yes|12032001|10222005|0
20000212|en|Mr Jones|John| Doe|15102001|Bulletin #859|Message 59|2132|C.Cxx.|No|10052002|12312004|1
20000204|en|Mr Jones|John| Doe|15042001|Bulletin #860|Message 60|212|C.C.|No|10052002|12312004|1
20000204|en|Mr Jones|John| Doe|15042001|Bulletin #861|Message 61|212|C.C.|No|10052002|12312004|1
20000205|fr|Mrs Jones|Jane| Doe|16042001|Bulletin #862|Message 62|234|T.I.|Yes|12032001|10222005|0
20000206|es|Mr Jones|John| Doe|15042001|Bulletin #863|Message 63|2|C.CA|No|10052002|12312004|1
20000207|ar|Mrs Jones|Jane| Doe|16052001|Bulletin #864|Message 64|34|T.IDD.|Yes|12032001|10222005|0
20000208|en|Mr Jones|John| Doe|15062001|Bulletin #865|Message 65|22|C.CDE|No|10052002|12312004|1
20000209|fr|Mrs Jones|Jane| Doe|16072001|Bulletin #866|Message 66|4|T.IFFSD..|Yes|12032001|10222005|0
20000210|en|Mr Jones|John| Doe|15082001|Bulletin #867|Message 67|2|C.CCC.|No|10052002|12312004|1
20000211|fr|Mrs Jones|Jane| Doe|16092001|Bulletin #868|Message 68|334|T.X.|Yes|12032001|10222005|0
20000212|en|Mr Jones|John| Doe|15102001|Bulletin #869|Message 69|2132|C.Cxx.|No|10052002|12312004|1
20000204|en|Mr Jones|John| Doe|15042001|Bulletin #870|Message 70|212|C.C.|No|10052002|12312004|1
20000204|en|Mr Jones|John| Doe|15042001|Bulletin #871|Message 71|212|C.C.|No|10052002|12312004|1
20000205|fr|Mrs Jones|Jane| Doe|16042001|Bulletin #872|Message 72|234|T.I.|Yes|12032001|10222005|0
20000206|es|Mr Jones|John| Doe|15042001|Bulletin #873|Message 73|2|C.CA|No|10052002|12312004|1
20000207|ar|Mrs Jones|Jane| Doe|16052001|Bulletin #874|Message 74|34|T.IDD.|Yes|12032001|10222005|0
20000208|en|Mr Jones|John| Doe|15062001|Bulletin #875|Message 75|22|C.CDE|No|10052002|12312004|1
20000209|fr|Mrs Jones|Jane| Doe|16072001|Bulletin #876|Message 76|4|T.IFFSD..|Yes|12032001|10222005|0
20000210|en|Mr Jones|John| Doe|15082001|Bulletin #877|Message 77|2|C.CCC.|No|10052002|12312004|1
20000211|fr|Mrs Jones|Jane| Doe|16092001|Bulletin #878|Message 78|334|T.X.|Yes|12032001|10222005|0
20000212|en|Mr Jones|John| Doe|15102001|Bulletin #879|Message 79|2132|C.Cxx.|No|10052002|12312004|1
20000204|en|Mr Jones|John| Doe|15042001|Bulletin #880|Message 80|212|C.C.|No|10052002|12312004|1
20000204|en|Mr Jones|John| Doe|15042001|Bulletin #881|Message 81|212|C.C.|No|10052002|12312004|1
20000205|fr|Mrs Jones|Jane| Doe|16042001|Bulletin #882|Message 82|234|T.I.|Yes|12032001|10222005|0
20000206|es|Mr Jones|John| Doe|15042001|Bulletin #883|Message 83|2|C.CA|No|10052002|12312004|1
20000207|ar|Mrs Jones|Jane| Doe|16052001|Bulletin #884|Message 84|34|T.IDD.|Yes|12032001|10222005|0
20000208|en|Mr Jones|John| Doe|15062001|Bulletin #885|Message 85|22|C.CDE|No|10052002|12312004|1
20000209|fr|Mrs Jones|Jane| Doe|16072001|Bulletin #886|Message 86|4|T.IFFSD..|Yes|12032001|10222005|0
20000210|en|Mr Jones|John| Doe|15082001|Bulletin #887|Message 87|2|C.CCC.|No|10052002|12312004|1
20000211|fr|Mrs Jones|Jane| Doe|16092001|Bulletin #888|Message 88|334|T.X.|Yes|12032001|10222005|0
20000212|en|Mr Jones|John| Doe|15102001|Bulletin #889|Message 89|2132|C.Cxx.|No|10052002|12312004|1
20000204|en|Mr Jones|John| Doe|15042001|Bulletin #890|Message 90|212|C.C.|No|10052002|12312004|1
20000204|en|Mr Jones|John| Doe|15042001|Bulletin #891|Message 91|212|C.C.|No|10052002|12312004|1
20000205|fr|Mrs Jones|Jane| Doe|16042001|Bulletin #892|Message 92|234|T.I.|Yes|12032001|10222005|0
20000206|es|Mr Jones|John| Doe|15042001|Bulletin #893|Message 93|2|C.CA|No|10052002|12312004|1
20000207|ar|Mrs Jones|Jane| Doe|16052001|Bulletin #894|Message 94|34|T.IDD.|Yes|12032001|10222005|0
20000208|en|Mr Jones|John| Doe|15062001|Bulletin #895|Message 95|22|C.CDE|No|10052002|12312004|1
20000209|fr|Mrs Jones|Jane| Doe|16072001|Bulletin #896|Message 96|4|T.IFFSD..|Yes|12032001|10222005|0
20000210|en|Mr Jones|John| Doe|15082001|Bulletin #897|Message 97|2|C.CCC.|No|10052002|12312004|1
20000211|fr|Mrs Jones|Jane| Doe|16092001|Bulletin #898|Message 98|334|T.X.|Yes|12032001|10222005|0
20000212|en|Mr Jones|John| Doe|15102001|Bulletin #899|Message 99|2132|C.Cxx.|No|10052002|12312004|1
20000204|en|Mr Jones|John| Doe|15042001|Bulletin #900|Message 0|212|C.C.|No|10052002|12312004|1
20000204|en|Mr Jones|John| Doe|15042001|Bulletin #901|Message 1|212|C.C.|No|10052002|12312004|1
20000205|fr|Mrs Jones|Jane| Doe|16042001|Bulletin #902|Message 2|234|T.I.|Yes|12032001|10222005|0
20000206|es|Mr Jones|John| Doe|15042001|Bulletin #903|Message 3|2|C.CA|No|10052002|12312004|1
20000207|ar|Mrs Jones|Jane| Doe|16052001|Bulletin #904|Message 4|34|T.IDD.|Yes|12032001|10222005|0
20000208|en|Mr Jones|John| Doe|15062001|Bulletin #905|Message 5|22|C.CDE|No|10052002|12312004|1
20000209|fr|Mrs Jones|Jane| Doe|16072001|Bulletin #906|Message 6|4|T.IFFSD..|Yes|12032001|10222005|0
20000210|en|Mr Jones|John| Doe|15082001|Bulletin #907|Message 7|2|C.CCC.|No|10052002|12312004|1
20000211|fr|Mrs Jones|Jane| Doe|16092001|Bulletin #908|Message 8|334|T.X.|Yes|12032001|10222005|0
20000212|en|Mr Jones|John| Doe|15102001|Bulletin #909|Message 9|2132|C.Cxx.|No|10052002|12312004|1
20000204|en|Mr Jones|John| Doe|15042001|Bulletin #910|Message 10|212|C.C.|No|10052002|12312004|1
20000204|en|Mr Jones|John| Doe|15042001|Bulletin #911|Message 11|212|C.C.|No|10052002|12312004|1
20000205|fr|Mrs Jones|Jane| Doe|16042001|Bulletin #912|Message 12|234|T.I.|Yes|12032001|10222005|0
20000206|es|Mr Jones|John| Doe|15042001|Bulletin #913|Message 13|2|C.CA|No|10052002|12312004|1
20000207|ar|Mrs Jones|Jane| Doe|16052001|Bulletin #914|Message 14|34|T.IDD.|Yes|12032001|10222005|0
20000208|en|Mr Jones|John| Doe|15062001|Bulletin #915|Message 15|22|C.CDE|No|10052002|12312004|1
20000209|fr|Mrs Jones|Jane| Doe|16072001|Bulletin #916|Message 16|4|T.IFFSD..|Yes|12032001|10222005|0
20000210|en|Mr Jones|John| Doe|15082001|Bulletin #917|Message 17|2|C.CCC.|No|10052002|12312004|1
20000211|fr|Mrs Jones|Jane| Doe|16092001|Bulletin #918|Message 18|334|T.X.|Yes|12032001|10222005|0
20000212|en|Mr Jones|John| Doe|15102001|Bulletin #919|Message 19|2132|C.Cxx.|No|10052002|12312004|1
20000204|en|Mr Jones|John| Doe|15042001|Bulletin #920|Message 20|212|C.C.|No|10052002|12312004|1
20000204|en|Mr Jones|John| Doe|15042001|Bulletin #921|Message 21|212|C.C.|No|10052002|12312004|1
20000205|fr|Mrs Jones|Jane| Doe|16042001|Bulletin #922|Message 22|234|T.I.|Yes|12032001|10222005|0
20000206|es|Mr Jones|John| Doe|15042001|Bulletin #923|Message 23|2|C.CA|No|10052002|12312004|1
20000207|ar|Mrs Jones|Jane| Doe|16052001|Bulletin #924|Message 24|34|T.IDD.|Yes|12032001|10222005|0
20000208|en|Mr Jones|John| Doe|15062001|Bulletin #925|Message 25|22|C.CDE|No|10052002|12312004|1
20000209|fr|Mrs Jones|Jane| Doe|16072001|Bulletin #926|Message 26|4|T.IFFSD..|Yes|12032001|10222005|0
20000210|en|Mr Jones|John| Doe|15082001|Bulletin #927|Message 27|2|C.CCC.|No|10052002|12312004|1
20000211|fr|Mrs Jones|Jane| Doe|16092001|Bulletin #928|Message 28|334|T.X.|Yes|12032001|10222005|0
20000212|en|Mr Jones|John| Doe|15102001|Bulletin #929|Message 29|2132|C.Cxx.|No|10052002|12312004|1
20000204|en|Mr Jones|John| Doe|15042001|Bulletin #930|Message 30|212|C.C.|No|10052002|12312004|1
20000204|en|Mr Jones|John| Doe|15042001|Bulletin #931|Message 31|212|C.C.|No|10052002|12312004|1
20000205|fr|Mrs Jones|Jane| Doe|16042001|Bulletin #932|Message 32|234|T.I.|Yes|12032001|10222005|0
20000206|es|Mr Jones|John| Doe|15042001|Bulletin #933|Message 33|2|C.CA|No|10052002|12312004|1
20000207|ar|Mrs Jones|Jane| Doe|16052001|Bulletin #934|Message 34|34|T.IDD.|Yes|12032001|10222005|0
20000208|en|Mr Jones|John| Doe|15062001|Bulletin #935|Message 35|22|C.CDE|No|10052002|12312004|1
20000209|fr|Mrs Jones|Jane| Doe|16072001|Bulletin #936|Message 36|4|T.IFFSD..|Yes|12032001|10222005|0
20000210|en|Mr Jones|John| Doe|15082001|Bulletin #937|Message 37|2|C.CCC.|No|10052002|12312004|1
20000211|fr|Mrs Jones|Jane| Doe|16092001|Bulletin #938|Message 38|334|T.X.|Yes|12032001|10222005|0
20000212|en|Mr Jones|John| Doe|15102001|Bulletin #939|Message 39|2132|C.Cxx.|No|10052002|12312004|1
20000204|en|Mr Jones|John| Doe|15042001|Bulletin #940|Message 40|212|C.C.|No|10052002|12312004|1
20000204|en|Mr Jones|John| Doe|15042001|Bulletin #941|Message 41|212|C.C.|No|10052002|12312004|1
20000205|fr|Mrs Jones|Jane| Doe|16042001|Bulletin #942|Message 42|234|T.I.|Yes|12032001|10222005|0
20000206|es|Mr Jones|John| Doe|15042001|Bulletin #943|Message 43|2|C.CA|No|10052002|12312004|1
20000207|ar|Mrs Jones|Jane| Doe|16052001|Bulletin #944|Message 44|34|T.IDD.|Yes|12032001|10222005|0
20000208|en|Mr Jones|John| Doe|15062001|Bulletin #945|Message 45|22|C.CDE|No|10052002|12312004|1
20000209|fr|Mrs Jones|Jane| Doe|16072001|Bulletin #946|Message 46|4|T.IFFSD..|Yes|12032001|10222005|0
20000210|en|Mr Jones|John| Doe|15082001|Bulletin #947|Message 47|2|C.CCC.|No|10052002|12312004|1
20000211|fr|Mrs Jones|Jane| Doe|16092001|Bulletin #948|Message 48|334|T.X.|Yes|12032001|10222005|0
20000212|en|Mr Jones|John| Doe|15102001|Bulletin #949|Message 49|2132|C.Cxx.|No|10052002|12312004|1
20000204|en|Mr Jones|John| Doe|15042001|Bulletin #950|Message 50|212|C.C.|No|10052002|12312004|1
20000204|en|Mr Jones|John| Doe|15042001|Bulletin #951|Message 51|212|C.C.|No|10052002|12312004|1
20000205|fr|Mrs Jones|Jane| Doe|16042001|Bulletin #952|Message 52|234|T.I.|Yes|12032001|10222005|0
20000206|es|Mr Jones|John| Doe|15042001|Bulletin #953|Message 53|2|C.CA|No|10052002|12312004|1
20000207|ar|Mrs Jones|Jane| Doe|16052001|Bulletin #954|Message 54|34|T.IDD.|Yes|12032001|10222005|0
20000208|en|Mr Jones|John| Doe|15062001|Bulletin #955|Message 55|22|C.CDE|No|10052002|12312004|1
20000209|fr|Mrs Jones|Jane| Doe|16072001|Bulletin #956|Message 56|4|T.IFFSD..|Yes|12032001|10222005|0
20000210|en|Mr Jones|John| Doe|15082001|Bulletin #957|Message 57|2|C.CCC.|No|10052002|12312004|1
20000211|fr|Mrs Jones|Jane| Doe|16092001|Bulletin #958|Message 58|334|T.X.|Yes|12032001|10222005|0
20000212|en|Mr Jones|John| Doe|15102001|Bulletin #959|Message 59|2132|C.Cxx.|No|10052002|12312004|1
20000204|en|Mr Jones|John| Doe|15042001|Bulletin #960|Message 60|212|C.C.|No|10052002|12312004|1
20000204|en|Mr Jones|John| Doe|15042001|Bulletin #961|Message 61|212|C.C.|No|10052002|12312004|1
20000205|fr|Mrs Jones|Jane| Doe|16042001|Bulletin #962|Message 62|234|T.I.|Yes|12032001|10222005|0
20000206|es|Mr Jones|John| Doe|15042001|Bulletin #963|Message 63|2|C.CA|No|10052002|12312004|1
20000207|ar|Mrs Jones|Jane| Doe|16052001|Bulletin #964|Message 64|34|T.IDD.|Yes|12032001|10222005|0
20000208|en|Mr Jones|John| Doe|15062001|Bulletin #965|Message 65|22|C.CDE|No|10052002|12312004|1
20000209|fr|Mrs Jones|Jane| Doe|16072001|Bulletin #966|Message 66|4|T.IFFSD..|Yes|12032001|10222005|0
20000210|en|Mr Jones|John| Doe|15082001|Bulletin #967|Message 67|2|C.CCC.|No|10052002|12312004|1
20000211|fr|Mrs Jones|Jane| Doe|16092001|Bulletin #968|Message 68|334|T.X.|Yes|12032001|10222005|0
20000212|en|Mr Jones|John| Doe|15102001|Bulletin #969|Message 69|2132|C.Cxx.|No|10052002|12312004|1
20000204|en|Mr Jones|John| Doe|15042001|Bulletin #970|Message 70|212|C.C.|No|10052002|12312004|1
20000204|en|Mr Jones|John| Doe|15042001|Bulletin #971|Message 71|212|C.C.|No|10052002|12312004|1
20000205|fr|Mrs Jones|Jane| Doe|16042001|Bulletin #972|Message 72|234|T.I.|Yes|12032001|10222005|0
20000206|es|Mr Jones|John| Doe|15042001|Bulletin #973|Message 73|2|C.CA|No|10052002|12312004|1
20000207|ar|Mrs Jones|Jane| Doe|16052001|Bulletin #974|Message 74|34|T.IDD.|Yes|12032001|10222005|0
20000208|en|Mr Jones|John| Doe|15062001|Bulletin #975|Message 75|22|C.CDE|No|10052002|12312004|1
20000209|fr|Mrs Jones|Jane| Doe|16072001|Bulletin #976|Message 76|4|T.IFFSD..|Yes|12032001|10222005|0
20000210|en|Mr Jones|John| Doe|15082001|Bulletin #977|Message 77|2|C.CCC.|No|10052002|12312004|1
20000211|fr|Mrs Jones|Jane| Doe|16092001|Bulletin #978|Message 78|334|T.X.|Yes|12032001|10222005|0
20000212|en|Mr Jones|John| Doe|15102001|Bulletin #979|Message 79|2132|C.Cxx.|No|10052002|12312004|1
20000204|en|Mr Jones|John| Doe|15042001|Bulletin #980|Message 80|212|C.C.|No|10052002|12312004|1
20000204|en|Mr Jones|John| Doe|15042001|Bulletin #981|Message 81|212|C.C.|No|10052002|12312004|1
20000205|fr|Mrs Jones|Jane| Doe|16042001|Bulletin #982|Message 82|234|T.I.|Yes|12032001|10222005|0
20000206|es|Mr Jones|John| Doe|15042001|Bulletin #983|Message 83|2|C.CA|No|10052002|12312004|1
20000207|ar|Mrs Jones|Jane| Doe|16052001|Bulletin #984|Message 84|34|T.IDD.|Yes|12032001|10222005|0
20000208|en|Mr Jones|John| Doe|15062001|Bulletin #985|Message 85|22|C.CDE|No|10052002|12312004|1
20000209|fr|Mrs Jones|Jane| Doe|16072001|Bulletin #986|Message 86|4|T.IFFSD..|Yes|12032001|10222005|0
20000210|en|Mr Jones|John| Doe|15082001|Bulletin #987|Message 87|2|C.CCC.|No|10052002|12312004|1
20000211|fr|Mrs Jones|Jane| Doe|16092001|Bulletin #988|Message 88|334|T.X.|Yes|12032001|10222005|0
20000212|en|Mr Jones|John| Doe|15102001|Bulletin #989|Message 89|2132|C.Cxx.|No|10052002|12312004|1
20000204|en|Mr Jones|John| Doe|15042001|Bulletin #990|Message 90|212|C.C.|No|10052002|12312004|1
20000204|en|Mr Jones|John| Doe|15042001|Bulletin #991|Message 91|212|C.C.|No|10052002|12312004|1
20000205|fr|Mrs Jones|Jane| Doe|16042001|Bulletin #992|Message 92|234|T.I.|Yes|12032001|10222005|0
20000206|es|Mr Jones|John| Doe|15042001|Bulletin #993|Message 93|2|C.CA|No|10052002|12312004|1
20000207|ar|Mrs Jones|Jane| Doe|16052001|Bulletin #994|Message 94|34|T.IDD.|Yes|12032001|10222005|0
20000208|en|Mr Jones|John| Doe|15062001|Bulletin #995|Message 95|22|C.CDE|No|10052002|12312004|1
20000209|fr|Mrs Jones|Jane| Doe|16072001|Bulletin #996|Message 96|4|T.IFFSD..|Yes|12032001|10222005|0
20000210|en|Mr Jones|John| Doe|15082001|Bulletin #997|Message 97|2|C.CCC.|No|10052002|12312004|1
20000211|fr|Mrs Jones|Jane| Doe|16092001|Bulletin #998|Message 98|334|T.X.|Yes|12032001|10222005|0
20000212|en|Mr Jones|John| Doe|15102001|Bulletin #999|Message 99|2132|C.Cxx.|No|10052002|12312004|1
20000212|en|Mr Jones|John| Doe|15102001|Bulletin #1000|Message 1000|2132|C.Cxx.|No|10052002|12312004|1
